date,open,high,low,close,tick_volume,volume,spread
2020.01.02,96.401,96.874,96.401,96.801,39806,0,0
2020.01.03,96.801,97.103,96.706,96.88,47869,0,0
2020.01.05,96.851,96.86,96.802,96.86,2010,0,0
2020.01.06,96.861,96.895,96.536,96.633,39485,0,0
2020.01.07,96.634,97.09,96.617,96.895,45731,0,0
2020.01.08,96.894,97.345,96.792,97.268,59413,0,0
2020.01.09,97.268,97.559,97.243,97.408,40925,0,0
2020.01.10,97.407,97.585,97.291,97.363,36168,0,0
2020.01.12,97.363,97.417,97.363,97.409,1702,0,0
2020.01.13,97.409,97.531,97.3,97.39,32803,0,0
2020.01.14,97.391,97.573,97.316,97.37,38422,0,0
2020.01.15,97.371,97.441,97.155,97.2,34308,0,0
2020.01.16,97.201,97.362,97.075,97.298,32977,0,0
2020.01.17,97.299,97.654,97.257,97.613,31854,0,0
2020.01.19,97.625,97.646,97.604,97.617,1569,0,0
2020.01.20,97.618,97.728,97.575,97.596,21519,0,0
2020.01.21,97.597,97.656,97.389,97.605,35018,0,0
2020.01.22,97.605,97.686,97.431,97.474,35966,0,0
2020.01.23,97.475,97.8,97.404,97.693,39752,0,0
2020.01.24,97.693,97.945,97.653,97.868,35849,0,0
2020.01.26,97.868,97.868,97.779,97.849,2829,0,0
2020.01.27,97.85,97.997,97.797,97.935,35435,0,0
2020.01.28,97.935,98.158,97.902,97.965,31841,0,0
2020.01.29,97.966,98.187,97.927,98.02,31557,0,0
2020.01.30,98.02,98.073,97.788,97.881,40993,0,0
2020.01.31,97.882,97.967,97.375,97.38,37775,0,0
2020.02.02,97.382,97.436,97.36,97.42,2210,0,0
2020.02.03,97.421,97.901,97.421,97.8,40189,0,0
2020.02.04,97.801,98.008,97.784,97.939,36070,0,0
2020.02.05,97.939,98.321,97.897,98.261,38291,0,0
2020.02.06,98.261,98.573,98.192,98.458,33175,0,0
2020.02.07,98.459,98.706,98.415,98.684,37514,0,0
2020.02.09,98.694,98.711,98.644,98.655,1518,0,0
2020.02.10,98.656,98.882,98.597,98.861,32217,0,0
2020.02.11,98.861,98.961,98.706,98.751,32668,0,0
2020.02.12,98.752,99.05,98.701,98.967,33399,0,0
2020.02.13,98.967,99.107,98.851,99.08,38068,0,0
2020.02.14,99.081,99.166,98.99,99.12,29896,0,0
2020.02.16,99.125,99.125,99.084,99.091,1685,0,0
2020.02.17,99.091,99.207,99.039,99.143,22385,0,0
2020.02.18,99.144,99.478,99.133,99.44,38365,0,0
2020.02.19,99.442,99.721,99.371,99.563,37035,0,0
2020.02.20,99.563,99.909,99.518,99.857,49422,0,0
2020.02.21,99.857,99.876,99.224,99.328,45278,0,0
2020.02.23,99.443,99.471,99.385,99.419,2717,0,0
2020.02.24,99.42,99.653,99.108,99.326,57426,0,0
2020.02.25,99.327,99.389,98.876,99.0,61550,0,0
2020.02.26,99.001,99.268,98.908,99.114,66098,0,0
2020.02.27,99.115,99.123,98.354,98.435,79188,0,0
2020.02.28,98.435,98.662,97.954,98.103,99149,0,0
2020.03.01,98.002,98.037,97.832,97.964,4030,0,0
2020.03.02,97.965,98.085,97.177,97.524,107674,0,0
2020.03.03,97.524,97.698,96.919,97.124,111397,0,0
2020.03.04,97.126,97.599,97.099,97.365,79245,0,0
2020.03.05,97.365,97.441,96.507,96.646,72963,0,0
2020.03.06,96.649,96.714,95.701,96.083,122655,0,0
2020.03.08,95.803,95.803,95.389,95.481,13678,0,0
2020.03.09,95.481,95.692,94.629,95.401,234342,0,0
2020.03.10,95.401,96.605,95.199,96.307,184529,0,0
2020.03.11,96.306,96.698,95.906,96.623,137920,0,0
2020.03.12,96.623,98.335,96.057,97.473,250870,0,0
2020.03.13,97.473,98.815,97.33,98.436,205849,0,0
2020.03.15,98.444,98.444,97.63,97.874,40278,0,0
2020.03.16,97.874,98.469,97.438,98.12,194918,0,0
2020.03.17,98.121,99.836,97.974,99.402,176064,0,0
2020.03.18,99.402,101.762,99.147,100.738,214763,0,0
2020.03.19,100.737,102.984,100.695,102.98,313969,0,0
2020.03.20,102.979,102.993,101.072,102.418,267895,0,0
2020.03.22,102.378,102.981,102.301,102.506,19093,0,0
2020.03.23,102.507,102.821,101.635,102.112,248127,0,0
2020.03.24,102.113,102.215,101.042,101.66,203132,0,0
2020.03.25,101.659,101.928,100.835,100.909,187314,0,0
2020.03.26,100.909,101.019,99.229,99.286,187246,0,0
2020.03.27,99.286,99.821,98.248,98.31,173362,0,0
2020.03.29,98.276,98.61,98.276,98.333,8835,0,0
2020.03.30,98.333,99.315,98.307,99.208,139005,0,0
2020.03.31,99.208,99.95,98.877,98.997,166411,0,0
2020.04.01,98.997,99.839,98.904,99.504,129804,0,0
2020.04.02,99.504,100.407,99.327,100.187,129249,0,0
2020.04.03,100.187,100.853,100.137,100.669,106770,0,0
2020.04.05,100.683,100.789,100.583,100.784,8385,0,0
2020.04.06,100.785,100.932,100.454,100.742,110439,0,0
2020.04.07,100.741,100.788,99.739,99.949,106908,0,0
2020.04.08,99.95,100.431,99.912,100.123,92264,0,0
2020.04.09,100.122,100.297,99.345,99.593,99764,0,0
2020.04.10,99.595,99.619,99.352,99.479,52402,0,0
2020.04.12,99.462,99.509,99.406,99.504,4844,0,0
2020.04.13,99.505,99.628,99.132,99.38,61583,0,0
2020.04.14,99.381,99.424,98.803,98.84,73182,0,0
2020.04.15,98.841,99.976,98.823,99.642,80196,0,0
2020.04.16,99.641,100.304,99.579,99.893,116604,0,0
2020.04.17,99.892,100.292,99.607,99.7,101859,0,0
2020.04.19,99.701,99.84,99.699,99.838,3610,0,0
2020.04.20,99.839,100.075,99.643,99.942,83285,0,0
2020.04.21,99.941,100.482,99.936,100.197,110958,0,0
2020.04.22,100.196,100.496,99.882,100.475,88217,0,0
2020.04.23,100.474,100.692,100.013,100.509,119407,0,0
2020.04.24,100.509,100.867,100.166,100.211,91460,0,0
2020.04.26,100.224,100.275,100.189,100.233,3076,0,0
2020.04.27,100.234,100.315,99.827,100.084,83068,0,0
2020.04.28,100.084,100.208,99.442,99.863,87618,0,0
2020.04.29,99.862,99.876,99.454,99.487,87356,0,0
2020.04.30,99.488,99.738,98.783,99.103,124827,0,0
2020.05.01,99.104,99.21,98.758,99.031,78351,0,0
2020.05.03,99.068,99.272,99.068,99.235,5095,0,0
2020.05.04,99.234,99.597,99.233,99.498,79253,0,0
2020.05.05,99.498,99.975,99.279,99.79,91517,0,0
2020.05.06,99.789,100.213,99.744,100.193,87287,0,0
2020.05.07,100.192,100.401,99.771,99.811,99636,0,0
2020.05.08,99.811,99.943,99.441,99.734,72589,0,0
2020.05.10,99.72,99.862,99.711,99.785,4426,0,0
2020.05.11,99.786,100.279,99.66,100.21,84592,0,0
2020.05.12,100.21,100.441,99.646,100.03,88444,0,0
2020.05.13,100.031,100.272,99.557,100.17,101105,0,0
2020.05.14,100.169,100.562,100.141,100.269,93389,0,0
2020.05.15,100.269,100.492,100.053,100.336,86466,0,0
2020.05.17,100.344,100.415,100.343,100.393,4375,0,0
2020.05.18,100.393,100.465,99.57,99.626,88822,0,0
2020.05.19,99.626,99.727,99.222,99.555,92084,0,0
2020.05.20,99.554,99.554,98.995,99.175,79315,0,0
2020.05.21,99.174,99.519,99.017,99.42,85019,0,0
2020.05.22,99.418,99.873,99.382,99.77,71543,0,0
2020.05.24,99.763,99.775,99.696,99.717,2735,0,0
2020.05.25,99.716,99.961,99.667,99.724,30673,0,0
2020.05.26,99.723,99.761,98.88,99.005,58009,0,0
2020.05.27,99.004,99.334,98.697,98.892,93005,0,0
2020.05.28,98.892,99.079,98.335,98.469,71695,0,0
2020.05.29,98.47,98.532,97.927,98.268,100783,0,0
2020.05.31,98.251,98.282,98.159,98.208,5270,0,0
2020.06.01,98.208,98.226,97.755,97.858,86238,0,0
2020.06.02,97.859,97.896,97.414,97.559,99006,0,0
2020.06.03,97.559,97.615,97.149,97.309,112809,0,0
2020.06.04,97.308,97.622,96.552,96.744,129040,0,0
2020.06.05,96.743,97.037,96.425,96.9,125454,0,0
2020.06.07,96.899,96.9,96.696,96.724,4901,0,0
2020.06.08,96.724,97.057,96.579,96.61,90977,0,0
2020.06.09,96.611,97.055,96.209,96.441,99300,0,0
2020.06.10,96.442,96.443,95.689,96.142,110898,0,0
2020.06.11,96.141,96.832,95.931,96.83,117729,0,0
2020.06.12,96.829,97.443,96.473,97.073,100000,0,0
2020.06.14,97.155,97.318,97.115,97.16,6751,0,0
2020.06.15,97.161,97.383,96.524,96.526,96421,0,0
2020.06.16,96.525,97.256,96.416,96.981,103399,0,0
2020.06.17,96.981,97.346,96.783,97.062,85465,0,0
2020.06.18,97.063,97.572,96.933,97.422,86173,0,0
2020.06.19,97.423,97.712,97.128,97.652,78820,0,0
2020.06.21,97.613,97.727,97.557,97.671,5519,0,0
2020.06.22,97.672,97.704,96.865,96.886,70524,0,0
2020.06.23,96.885,97.234,96.364,96.621,81481,0,0
2020.06.24,96.62,97.24,96.534,97.232,73786,0,0
2020.06.25,97.231,97.584,97.143,97.368,77730,0,0
2020.06.26,97.367,97.672,97.238,97.48,61195,0,0
2020.06.28,97.478,97.481,97.385,97.47,4551,0,0
2020.06.29,97.469,97.633,97.096,97.408,71267,0,0
2020.06.30,97.407,97.803,97.221,97.392,88143,0,0
2020.07.01,97.393,97.638,97.022,97.155,87753,0,0
2020.07.02,97.156,97.345,96.8,97.233,84188,0,0
2020.07.03,97.232,97.355,97.096,97.133,61936,0,0
2020.07.05,97.144,97.188,97.144,97.172,2693,0,0
2020.07.06,97.172,97.175,96.563,96.733,75917,0,0
2020.07.07,96.732,97.141,96.581,96.956,72565,0,0
2020.07.08,96.957,97.039,96.377,96.437,75177,0,0
2020.07.09,96.436,96.8,96.216,96.759,89627,0,0
2020.07.10,96.758,96.965,96.423,96.635,68313,0,0
2020.07.12,96.633,96.633,96.505,96.586,3962,0,0
2020.07.13,96.587,96.669,96.253,96.535,73839,0,0
2020.07.14,96.535,96.69,96.092,96.137,88192,0,0
2020.07.15,96.137,96.236,95.756,95.99,82363,0,0
2020.07.16,95.99,96.388,95.873,96.255,86394,0,0
2020.07.17,96.256,96.315,95.884,95.98,61092,0,0
2020.07.19,96.002,96.031,95.876,95.914,4851,0,0
2020.07.20,95.915,96.166,95.709,95.713,86361,0,0
2020.07.21,95.714,95.911,95.031,95.124,90028,0,0
2020.07.22,95.124,95.407,94.809,94.989,102633,0,0
2020.07.23,94.99,95.176,94.568,94.778,97437,0,0
2020.07.24,94.779,94.819,94.304,94.326,101114,0,0
2020.07.26,94.316,94.406,94.279,94.334,6902,0,0
2020.07.27,94.335,94.351,93.453,93.517,105827,0,0
2020.07.28,93.518,93.995,93.476,93.746,107955,0,0
2020.07.29,93.746,93.785,93.145,93.324,113798,0,0
2020.07.30,93.325,93.671,92.746,92.768,115664,0,0
2020.07.31,92.769,93.539,92.522,93.416,140235,0,0
2020.08.02,93.426,93.435,93.273,93.397,6872,0,0
2020.08.03,93.397,93.979,93.344,93.526,110054,0,0
2020.08.04,93.526,93.824,93.128,93.134,98010,0,0
2020.08.05,93.133,93.233,92.543,92.76,99985,0,0
2020.08.06,92.759,93.079,92.471,92.795,124268,0,0
2020.08.07,92.796,93.612,92.745,93.391,115750,0,0
2020.08.09,93.383,93.444,93.334,93.408,5071,0,0
2020.08.10,93.408,93.687,93.273,93.596,76715,0,0
2020.08.11,93.596,93.729,93.147,93.676,111661,0,0
2020.08.12,93.676,93.892,93.212,93.351,106888,0,0
2020.08.13,93.352,93.377,92.906,93.225,95618,0,0
2020.08.14,93.226,93.403,92.997,93.071,78157,0,0
2020.08.16,93.066,93.08,92.987,92.992,4751,0,0
2020.08.17,92.993,93.113,92.75,92.802,72543,0,0
2020.08.18,92.801,92.802,92.107,92.189,89446,0,0
2020.08.19,92.189,93.044,92.136,92.977,105876,0,0
2020.08.20,92.976,93.23,92.655,92.669,104268,0,0
2020.08.21,92.67,93.467,92.555,93.15,87006,0,0
2020.08.23,93.149,93.194,93.117,93.183,5392,0,0
2020.08.24,93.183,93.329,92.82,93.261,66542,0,0
2020.08.25,93.261,93.333,92.948,92.995,80907,0,0
2020.08.26,92.994,93.351,92.797,92.812,76625,0,0
2020.08.27,92.811,93.323,92.391,93.009,140410,0,0
2020.08.28,93.008,93.086,92.177,92.243,113481,0,0
2020.08.30,92.233,92.328,92.195,92.218,6828,0,0
2020.08.31,92.218,92.468,91.973,92.166,87054,0,0
2020.09.01,92.165,92.385,91.715,92.231,109990,0,0
2020.09.02,92.23,92.858,92.222,92.675,96852,0,0
2020.09.03,92.675,93.059,92.667,92.816,100966,0,0
2020.09.04,92.815,93.227,92.641,92.767,96856,0,0
2020.09.06,92.725,92.865,92.725,92.858,4262,0,0
2020.09.07,92.857,93.078,92.799,93.038,49550,0,0
2020.09.08,93.038,93.586,92.984,93.529,99269,0,0
2020.09.09,93.53,93.647,93.109,93.245,91740,0,0
2020.09.10,93.245,93.438,92.677,93.334,105929,0,0
2020.09.11,93.335,93.367,93.069,93.198,67788,0,0
2020.09.13,93.233,93.273,93.192,93.248,3514,0,0
2020.09.14,93.249,93.312,92.854,93.037,57872,0,0
2020.09.15,93.038,93.129,92.765,93.106,62001,0,0
2020.09.16,93.105,93.274,92.766,93.174,92015,0,0
2020.09.17,93.173,93.601,92.815,92.881,90171,0,0
2020.09.18,92.881,93.016,92.749,92.953,63218,0,0
2020.09.20,92.918,92.954,92.892,92.942,4095,0,0
2020.09.21,92.942,93.762,92.732,93.555,83218,0,0
2020.09.22,93.556,94.072,93.444,93.969,86391,0,0
2020.09.23,93.97,94.417,93.905,94.371,76043,0,0
2020.09.24,94.37,94.583,94.179,94.294,84502,0,0
2020.09.25,94.295,94.73,94.171,94.528,72449,0,0
2020.09.27,94.521,94.571,94.474,94.529,3669,0,0
2020.09.28,94.528,94.624,94.123,94.142,65634,0,0
2020.09.29,94.142,94.284,93.805,93.85,61661,0,0
2020.09.30,93.851,94.18,93.648,93.814,80323,0,0
2020.10.01,93.813,93.904,93.507,93.721,67013,0,0
2020.10.02,93.722,94.019,93.664,93.769,77835,0,0
2020.10.04,93.766,93.847,93.763,93.792,4058,0,0
2020.10.05,93.791,93.816,93.354,93.397,43116,0,0
2020.10.06,93.398,93.833,93.318,93.797,60755,0,0
2020.10.07,93.796,93.885,93.543,93.603,50984,0,0
2020.10.08,93.604,93.771,93.471,93.53,49304,0,0
2020.10.09,93.53,93.573,92.967,92.986,49088,0,0
2020.10.11,92.993,93.109,92.993,93.094,4017,0,0
2020.10.12,93.095,93.229,92.98,93.027,44388,0,0
2020.10.13,93.026,93.583,93.019,93.53,60412,0,0
2020.10.14,93.531,93.658,93.227,93.412,59531,0,0
2020.10.15,93.411,93.899,93.352,93.783,65003,0,0
2020.10.16,93.783,93.862,93.508,93.652,63542,0,0
2020.10.18,93.663,93.718,93.64,93.688,3665,0,0
2020.10.19,93.688,93.751,93.184,93.412,55347,0,0
2020.10.20,93.412,93.495,92.977,93.033,54364,0,0
2020.10.21,93.034,93.037,92.453,92.708,67015,0,0
2020.10.22,92.709,92.964,92.592,92.95,55683,0,0
2020.10.23,92.95,93.114,92.642,92.684,53388,0,0
2020.10.25,92.705,92.847,92.689,92.786,5564,0,0
2020.10.26,92.787,93.1,92.77,93.055,58334,0,0
2020.10.27,93.056,93.186,92.769,93.126,53726,0,0
2020.10.28,93.125,93.632,93.031,93.418,72518,0,0
2020.10.29,93.417,94.089,93.317,93.869,70194,0,0
2020.10.30,93.87,94.062,93.633,93.97,68949,0,0
2020.11.01,93.991,94.088,93.973,94.076,3844,0,0
2020.11.02,94.078,94.272,93.956,94.016,58715,0,0
2020.11.03,94.017,94.042,93.095,93.11,57720,0,0
2020.11.04,93.111,94.303,93.045,93.377,190601,0,0
2020.11.05,93.378,93.531,92.458,92.652,119174,0,0
2020.11.06,92.622,92.622,92.212,92.27,3313,0,0
2020.11.08,92.269,92.269,92.118,92.136,3720,0,0
2020.11.09,92.136,92.956,92.115,92.719,141158,0,0
2020.11.10,92.721,92.962,92.585,92.705,110643,0,0
2020.11.11,92.707,93.195,92.594,92.963,70023,0,0
2020.11.12,92.965,93.12,92.753,92.952,68691,0,0
2020.11.13,92.953,92.988,92.676,92.678,53457,0,0
2020.11.15,92.674,92.708,92.6,92.623,2634,0,0
2020.11.16,92.625,92.835,92.447,92.489,68672,0,0
2020.11.17,92.491,92.6,92.248,92.411,56511,0,0
2020.11.18,92.412,92.501,92.194,92.451,57058,0,0
2020.11.19,92.452,92.714,92.219,92.353,62249,0,0
2020.11.20,92.355,92.418,92.184,92.349,51904,0,0
2020.11.22,92.343,92.358,92.29,92.295,2675,0,0
2020.11.23,92.301,92.792,91.999,92.484,64210,0,0
2020.11.24,92.484,92.549,92.097,92.108,62907,0,0
2020.11.25,92.109,92.248,91.912,91.968,62034,0,0
2020.11.26,91.969,92.158,91.83,92.019,36105,0,0
2020.11.27,92.02,92.035,91.723,91.723,43397,0,0
2020.11.29,91.725,91.732,91.658,91.674,1848,0,0
2020.11.30,91.675,92.037,91.49,91.93,58754,0,0
2020.12.01,91.931,91.948,91.134,91.166,69747,0,0
2020.12.02,91.168,91.489,90.973,91.002,73693,0,0
2020.12.03,91.003,91.076,90.496,90.666,65649,0,0
2020.12.04,90.667,90.856,90.459,90.761,74249,0,0
2020.12.06,90.775,90.801,90.725,90.799,2806,0,0
2020.12.07,90.805,91.225,90.595,90.86,63507,0,0
2020.12.08,90.86,91.005,90.737,90.899,61412,0,0
2020.12.09,90.901,91.19,90.674,91.075,61843,0,0
2020.12.10,91.076,91.14,90.647,90.742,77207,0,0
2020.12.11,90.743,91.036,90.599,90.932,62710,0,0
2020.12.13,90.915,90.919,90.662,90.752,3177,0,0
2020.12.14,90.753,90.892,90.404,90.675,52582,0,0
2020.12.15,90.677,90.811,90.406,90.453,49031,0,0
2020.12.16,90.453,90.697,90.111,90.231,63938,0,0
2020.12.17,90.232,90.27,89.715,89.818,48854,0,0
2020.12.18,89.819,90.122,89.807,89.878,46241,0,0
2020.12.20,89.904,90.254,89.904,90.253,3147,0,0
2020.12.21,90.254,91.005,90.001,90.116,97624,0,0
2020.12.22,90.119,90.707,90.041,90.437,69855,0,0
2020.12.23,90.439,90.658,90.13,90.28,70805,0,0
2020.12.24,90.281,90.37,90.138,90.292,43033,0,0
2020.12.27,90.314,90.314,90.167,90.178,2287,0,0
2020.12.28,90.179,90.365,89.959,90.224,54908,0,0
2020.12.29,90.225,90.236,89.836,89.982,54443,0,0
2020.12.30,89.984,89.995,89.542,89.571,57180,0,0
2020.12.31,89.572,89.977,89.5,89.899,54888,0,0
2021.01.03,89.822,89.839,89.718,89.736,3507,0,0
2021.01.04,89.736,89.931,89.408,89.856,77131,0,0
2021.01.05,89.857,89.907,89.408,89.451,71595,0,0
2021.01.06,89.452,89.793,89.193,89.314,104827,0,0
2021.01.07,89.315,89.964,89.282,89.789,82756,0,0
2021.01.08,89.79,90.239,89.642,90.011,96900,0,0
2021.01.10,90.006,90.309,90.005,90.278,3179,0,0
2021.01.11,90.283,90.721,90.222,90.454,73221,0,0
2021.01.12,90.455,90.605,90.0,90.006,66893,0,0
2021.01.13,90.008,90.443,89.909,90.273,57779,0,0
2021.01.14,90.274,90.568,90.056,90.25,65979,0,0
2021.01.15,90.251,90.786,90.17,90.739,52248,0,0
2021.01.17,90.721,90.852,90.686,90.85,2826,0,0
2021.01.18,90.851,90.944,90.703,90.745,38790,0,0
2021.01.19,90.746,90.751,90.385,90.396,46189,0,0
2021.01.20,90.397,90.686,90.259,90.391,47067,0,0
2021.01.21,90.392,90.437,90.029,90.087,52579,0,0
2021.01.22,90.088,90.298,90.023,90.166,46679,0,0
2021.01.24,90.185,90.222,90.175,90.206,2819,0,0
2021.01.25,90.207,90.509,90.068,90.323,53705,0,0
2021.01.26,90.324,90.601,90.101,90.143,48654,0,0
2021.01.27,90.144,90.878,90.106,90.639,67290,0,0
2021.01.28,90.645,90.842,90.392,90.537,71797,0,0
2021.01.29,90.538,90.765,90.35,90.491,67815,0,0
2021.01.31,90.495,90.626,90.495,90.602,3958,0,0
2021.02.01,90.603,91.042,90.486,90.949,55449,0,0
2021.02.02,90.95,91.268,90.795,91.072,52839,0,0
2021.02.03,91.073,91.288,90.971,91.054,43298,0,0
2021.02.04,91.055,91.571,91.048,91.505,48941,0,0
2021.02.05,91.506,91.584,90.948,90.948,47676,0,0
2021.02.07,90.948,91.027,90.938,90.972,3449,0,0
2021.02.08,90.972,91.216,90.882,90.923,40070,0,0
2021.02.09,90.924,90.942,90.397,90.441,42995,0,0
2021.02.10,90.442,90.511,90.234,90.408,46481,0,0
2021.02.11,90.411,90.46,90.248,90.39,33169,0,0
2021.02.12,90.391,90.728,90.368,90.399,34616,0,0
2021.02.14,90.408,90.419,90.375,90.419,2618,0,0
2021.02.15,90.42,90.448,90.252,90.317,29434,0,0
2021.02.16,90.318,90.7,90.109,90.689,51994,0,0
2021.02.17,90.689,91.044,90.605,90.877,57011,0,0
2021.02.18,90.878,90.97,90.512,90.547,49222,0,0
2021.02.19,90.547,90.64,90.161,90.293,45241,0,0
2021.02.21,90.295,90.354,90.24,90.272,2607,0,0
2021.02.22,90.274,90.563,89.98,90.021,55394,0,0
2021.02.23,90.022,90.254,89.927,90.094,46513,0,0
2021.02.24,90.097,90.423,89.949,90.024,55799,0,0
2021.02.25,90.025,90.305,89.667,90.305,80852,0,0
2021.02.26,90.305,90.957,90.119,90.891,96477,0,0
2021.02.28,90.884,90.898,90.731,90.746,4269,0,0
2021.03.01,90.747,91.124,90.668,90.996,65497,0,0
2021.03.02,90.998,91.383,90.711,90.786,54891,0,0
2021.03.03,90.787,91.086,90.613,91.078,53751,0,0
2021.03.04,91.078,91.661,90.955,91.62,83220,0,0
2021.03.05,91.62,92.19,91.608,91.944,105849,0,0
2021.03.07,91.938,91.95,91.828,91.863,3688,0,0
2021.03.08,91.863,92.407,91.825,92.354,76405,0,0
2021.03.09,92.354,92.491,91.893,91.976,72296,0,0
2021.03.10,91.977,92.227,91.735,91.792,65979,0,0
2021.03.11,91.793,91.863,91.348,91.425,55136,0,0
2021.03.12,91.426,91.95,91.384,91.619,49411,0,0
2021.03.14,91.621,91.697,91.615,91.659,4273,0,0
2021.03.15,91.66,91.953,91.521,91.807,49032,0,0
2021.03.16,91.807,92.016,91.66,91.86,47611,0,0
2021.03.17,91.861,91.992,91.317,91.358,54798,0,0
2021.03.18,91.358,91.892,91.285,91.814,66538,0,0
2021.03.19,91.813,92.155,91.641,91.929,54636,0,0
2021.03.21,92.031,92.085,91.997,92.073,3966,0,0
2021.03.22,92.074,92.14,91.691,91.783,46130,0,0
2021.03.23,91.782,92.423,91.743,92.394,53288,0,0
2021.03.24,92.393,92.599,92.322,92.584,54313,0,0
2021.03.25,92.583,92.904,92.497,92.796,59762,0,0
2021.03.26,92.795,92.858,92.627,92.704,44587,0,0
2021.03.28,92.703,92.77,92.699,92.762,2723,0,0
2021.03.29,92.761,92.948,92.698,92.889,54012,0,0
2021.03.30,92.89,93.345,92.864,93.223,52704,0,0
2021.03.31,93.224,93.423,92.964,93.191,59004,0,0
2021.04.01,93.17,93.307,92.803,92.834,7467,0,0
2021.04.02,92.828,93.022,92.781,92.888,6336,0,0
2021.04.04,93.012,93.017,92.937,92.939,1169,0,0
2021.04.05,92.951,93.088,92.527,92.541,7304,0,0
2021.04.06,92.533,92.768,92.244,92.276,6353,0,0
2021.04.07,92.275,92.478,92.143,92.395,7250,0,0
2021.04.08,92.405,92.457,91.984,92.05,6324,0,0
2021.04.09,92.051,92.376,92.002,92.158,4559,0,0
2021.04.11,92.232,92.24,92.142,92.196,1217,0,0
2021.04.12,92.185,92.304,91.989,92.067,6504,0,0
2021.04.13,92.076,92.278,91.757,91.775,6102,0,0
2021.04.14,91.767,91.801,91.553,91.601,5740,0,0
2021.04.15,91.605,91.726,91.471,91.642,6002,0,0
2021.04.16,91.648,91.791,91.467,91.513,4807,0,0
2021.04.18,91.579,91.605,91.552,91.596,1296,0,0
2021.04.19,91.597,91.723,91.017,91.029,5385,0,0
2021.04.20,91.033,91.258,90.841,91.199,5794,0,0
2021.04.21,91.209,91.4,91.067,91.089,6132,0,0
2021.04.22,91.091,91.394,90.978,91.271,5896,0,0
2021.04.23,91.264,91.271,90.786,90.8,4976,0,0
2021.04.25,90.848,90.871,90.807,90.871,1025,0,0
2021.04.26,90.867,90.959,90.661,90.863,6210,0,0
2021.04.27,90.866,91.051,90.805,90.876,6490,0,0
2021.04.28,90.877,91.106,90.505,90.508,5754,0,0
2021.04.29,90.506,90.744,90.403,90.597,6156,0,0
2021.04.30,90.601,91.301,90.581,91.27,4692,0,0
2021.05.02,91.244,91.254,91.208,91.226,1196,0,0
2021.05.03,91.232,91.366,90.849,90.974,7089,0,0
2021.05.04,90.968,91.364,90.965,91.257,5948,0,0
2021.05.05,91.254,91.414,91.152,91.235,6419,0,0
2021.05.06,91.231,91.358,90.839,90.852,5622,0,0
2021.05.07,90.856,90.936,90.169,90.198,5059,0,0
2021.05.09,90.208,90.224,90.086,90.125,1246,0,0
2021.05.10,90.147,90.318,90.025,90.225,5741,0,0
2021.05.11,90.217,90.336,90.003,90.19,4955,0,0
2021.05.12,90.189,90.783,90.154,90.72,5130,0,0
2021.05.13,90.72,90.884,90.573,90.734,4360,0,0
2021.05.14,90.735,90.78,90.264,90.273,4788,0,0
2021.05.16,90.317,90.322,90.239,90.272,1512,0,0
2021.05.17,90.285,90.405,90.126,90.165,5311,0,0
2021.05.18,90.174,90.182,89.692,89.78,5736,0,0
2021.05.19,89.776,90.233,89.666,90.199,4737,0,0
2021.05.20,90.2,90.207,89.714,89.772,4982,0,0
2021.05.21,89.769,90.123,89.63,90.0,4490,0,0
2021.05.23,89.988,90.071,89.957,90.011,1005,0,0
2021.05.24,90.001,90.04,89.749,89.833,6002,0,0
2021.05.25,89.839,89.842,89.514,89.676,5781,0,0
2021.05.26,89.671,90.076,89.564,90.054,5920,0,0
2021.05.27,90.065,90.157,89.878,89.991,5559,0,0
2021.05.28,89.997,90.396,89.96,90.026,4555,0,0
2021.05.30,90.016,90.068,90.008,90.066,955,0,0
2021.05.31,90.067,90.097,89.716,89.77,4694,0,0
2021.06.01,89.768,89.925,89.644,89.883,2970,0,0
2021.06.02,89.888,90.224,89.836,89.899,2702,0,0
2021.06.03,89.901,90.527,89.865,90.457,2545,0,0
2021.06.04,90.459,90.606,90.024,90.107,2537,0,0
2021.06.06,90.132,90.148,90.074,90.122,1098,0,0
2021.06.07,90.122,90.28,89.892,89.967,18861,0,0
2021.06.08,89.968,90.155,89.934,90.105,13689,0,0
2021.06.09,90.107,90.142,89.814,90.121,8445,0,0
2021.06.10,90.123,90.298,89.961,90.052,11907,0,0
2021.06.11,90.048,90.591,89.936,90.481,9562,0,0
2021.06.13,90.517,90.524,90.468,90.483,708,0,0
2021.06.14,90.483,90.58,90.39,90.468,9168,0,0
2021.06.15,90.47,90.655,90.324,90.511,9784,0,0
2021.06.16,90.51,91.424,90.419,91.384,13355,0,0
2021.06.17,91.386,91.991,91.284,91.854,17781,0,0
2021.06.18,91.853,92.386,91.782,92.302,17009,0,0
2021.06.20,92.343,92.348,92.198,92.235,947,0,0
2021.06.21,92.237,92.357,91.808,91.889,16454,0,0
2021.06.22,91.882,92.119,91.624,91.726,13668,0,0
2021.06.23,91.727,91.881,91.49,91.778,12686,0,0
2021.06.24,91.774,91.89,91.637,91.825,12121,0,0
2021.06.25,91.828,91.856,91.503,91.781,10395,0,0
2021.06.27,91.804,91.814,91.74,91.741,940,0,0
2021.06.28,91.743,91.995,91.674,91.845,11125,0,0
2021.06.29,91.844,92.174,91.832,92.045,11703,0,0
2021.06.30,92.047,92.427,91.98,92.345,12577,0,0
2021.07.01,92.348,92.58,92.24,92.545,12457,0,0
2021.07.02,92.547,92.729,92.156,92.217,12276,0,0
2021.07.04,92.251,92.292,92.206,92.292,584,0,0
2021.07.05,92.291,92.337,92.097,92.22,8157,0,0
2021.07.06,92.227,92.643,91.982,92.519,15019,0,0
2021.07.07,92.523,92.826,92.399,92.692,14610,0,0
2021.07.08,92.686,92.77,92.219,92.344,17711,0,0
2021.07.09,92.342,92.52,92.066,92.075,12487,0,0
2021.07.11,92.114,92.153,92.092,92.127,892,0,0
2021.07.12,92.126,92.398,92.057,92.199,11229,0,0
2021.07.13,92.197,92.792,92.119,92.782,13307,0,0
2021.07.14,92.781,92.808,92.323,92.374,13212,0,0
2021.07.15,92.373,92.674,92.25,92.552,13536,0,0
2021.07.16,92.554,92.738,92.509,92.627,15733,0,0
2021.07.18,92.679,92.709,92.62,92.63,1501,0,0
2021.07.19,92.636,93.019,92.609,92.853,14737,0,0
2021.07.20,92.854,93.149,92.775,92.939,14734,0,1
2021.07.21,92.937,93.173,92.704,92.782,11671,0,0
2021.07.22,92.781,92.903,92.485,92.801,13209,0,0
2021.07.23,92.8,93.006,92.754,92.873,9617,0,41
2021.07.25,92.887,92.905,92.855,92.868,858,0,0
2021.07.26,92.867,92.937,92.508,92.585,10592,0,0
2021.07.27,92.586,92.816,92.296,92.435,11805,0,0
2021.07.28,92.44,92.75,92.212,92.239,13422,0,0
2021.07.29,92.24,92.267,91.823,91.86,10149,0,0
2021.07.30,91.859,92.18,91.759,92.058,10031,0,41
2021.08.01,92.092,92.12,92.063,92.083,1632,0,0
2021.08.02,92.084,92.15,91.891,92.023,9652,0,0
2021.08.03,92.024,92.135,91.872,92.012,9446,0,0
2021.08.04,92.015,92.289,91.795,92.26,9562,0,10
2021.08.05,92.259,92.332,92.087,92.243,9740,0,0
2021.08.06,92.244,92.821,92.241,92.752,9553,0,41
2021.08.08,92.773,92.887,92.738,92.846,2827,0,0
2021.08.09,92.845,92.968,92.698,92.953,9480,0,20
2021.08.10,92.961,93.122,92.918,93.045,8543,0,26
2021.08.11,93.043,93.172,92.778,92.865,9439,0,18
2021.08.12,92.866,93.016,92.823,92.956,7535,0,23
2021.08.13,92.955,92.99,92.45,92.493,6601,0,41
2021.08.15,92.508,92.526,92.45,92.508,1163,0,0
2021.08.16,92.51,92.642,92.455,92.594,8144,0,9
2021.08.17,92.592,93.156,92.592,93.11,10496,0,30
2021.08.18,93.11,93.245,92.916,93.201,10796,0,22
2021.08.19,93.2,93.56,93.19,93.548,12688,0,11
2021.08.20,93.546,93.709,93.406,93.428,9410,0,40
2021.08.22,93.455,93.484,93.395,93.456,948,0,0
2021.08.23,93.456,93.458,92.916,92.966,9389,0,23
2021.08.24,92.969,93.064,92.783,92.887,8681,0,18
2021.08.25,92.886,93.109,92.773,92.797,9286,0,27
2021.08.26,92.799,93.059,92.783,93.023,9914,0,33
2021.08.27,93.024,93.161,92.605,92.652,10153,0,41
2021.08.29,92.674,92.691,92.614,92.644,586,0,0
2021.08.30,92.644,92.769,92.571,92.68,7186,0,20
2021.08.31,92.681,92.73,92.379,92.632,10994,0,7
2021.09.01,92.634,92.768,92.356,92.485,9733,0,18
2021.09.02,92.483,92.515,92.167,92.204,7483,0,0
2021.09.03,92.199,92.241,91.918,92.096,9910,0,0
2021.09.05,92.094,92.109,92.067,92.083,547,0,0
2021.09.06,92.081,92.291,92.081,92.167,5623,0,20
2021.09.07,92.165,92.548,92.078,92.516,10278,0,3
2021.09.08,92.513,92.842,92.451,92.684,10601,0,13
2021.09.09,92.686,92.739,92.359,92.509,11244,0,8
2021.09.10,92.51,92.62,92.308,92.613,8939,0,41
2021.09.12,92.596,92.614,92.552,92.6,714,0,0
2021.09.13,92.599,92.865,92.538,92.599,8621,0,36
2021.09.14,92.598,92.659,92.299,92.646,10048,0,4
2021.09.15,92.644,92.66,92.396,92.442,9915,0,18
2021.09.16,92.445,92.945,92.433,92.851,9990,0,9
2021.09.17,92.853,93.219,92.743,93.217,9851,0,41
2021.09.19,93.192,93.232,93.139,93.194,669,0,0
2021.09.20,93.195,93.433,93.161,93.21,10851,0,13
2021.09.21,93.209,93.266,93.031,93.201,10931,0,24
2021.09.22,93.202,93.491,92.96,93.47,13294,0,17
2021.09.23,93.468,93.504,92.958,93.082,11570,0,24
2021.09.24,93.077,93.4,93.023,93.247,9046,0,41
2021.09.26,93.242,93.296,93.235,93.243,952,0,0
2021.09.27,93.242,93.472,93.183,93.388,11459,0,0
2021.09.28,93.392,93.788,93.342,93.686,14468,0,19
2021.09.29,93.684,94.412,93.646,94.317,14380,0,11
2021.09.30,94.316,94.483,94.083,94.286,15592,0,20
2021.10.01,94.286,94.368,93.96,94.043,13862,0,41
2021.10.03,94.003,94.023,93.896,93.933,895,0,0
2021.10.04,93.936,94.079,93.656,93.815,11387,0,27
2021.10.05,93.812,94.047,93.78,93.963,11150,0,4
2021.10.06,93.964,94.422,93.958,94.205,13825,0,4
2021.10.07,94.206,94.261,94.059,94.154,10480,0,20
2021.10.08,94.155,94.316,93.907,94.072,11428,0,41
2021.10.10,94.093,94.144,94.039,94.134,681,0,0
2021.10.11,94.133,94.387,94.006,94.353,9813,0,5
2021.10.12,94.35,94.54,94.207,94.499,11447,0,24
2021.10.13,94.497,94.511,93.97,93.996,12428,0,17
2021.10.14,93.996,94.067,93.734,94.021,9553,0,7
2021.10.15,94.019,94.044,93.825,93.93,10319,0,41
2021.10.17,93.964,93.964,93.869,93.949,1489,0,0
2021.10.18,93.95,94.151,93.848,93.91,10733,0,35
2021.10.19,93.909,93.914,93.482,93.785,10328,0,0
2021.10.20,93.783,93.859,93.515,93.591,10707,0,6
2021.10.21,93.593,93.771,93.474,93.72,10987,0,29
2021.10.22,93.722,93.766,93.511,93.581,11323,0,42
2021.10.24,93.616,93.669,93.468,93.637,691,0,23
2021.10.25,93.637,93.946,93.457,93.822,10396,0,20
2021.10.26,93.819,94.001,93.683,93.936,10051,0,15
2021.10.27,93.934,93.989,93.667,93.874,12319,0,2
2021.10.28,93.874,93.95,93.255,93.34,14977,0,23
2021.10.29,93.338,94.279,93.298,94.094,13191,0,42
2021.10.31,94.137,94.172,94.085,94.166,698,0,16
2021.11.01,94.165,94.29,93.813,93.907,11162,0,17
2021.11.02,93.905,94.111,93.796,94.083,11286,0,7
2021.11.03,94.082,94.192,93.788,93.812,13235,0,38
2021.11.04,93.811,94.454,93.805,94.297,12524,0,25
2021.11.05,94.298,94.608,94.162,94.189,12614,0,42
2021.11.07,94.228,94.247,94.172,94.194,839,0,31
2021.11.08,94.204,94.359,93.971,94.024,10140,0,10
2021.11.09,94.025,94.134,93.854,93.947,12518,0,23
2021.11.10,93.948,94.88,93.941,94.808,15525,0,13
2021.11.11,94.812,95.176,94.797,95.135,11712,0,23
2021.11.12,95.136,95.241,94.963,95.093,10785,0,41
2021.11.14,95.078,95.111,95.071,95.106,371,0,21
2021.11.15,95.109,95.573,94.939,95.501,12017,0,17
2021.11.16,95.502,95.962,95.374,95.909,13925,0,21
2021.11.17,95.912,96.242,95.695,95.784,14558,0,17
2021.11.18,95.787,95.815,95.477,95.531,12653,0,19
2021.11.19,95.532,96.218,95.529,96.042,15363,0,41
2021.11.21,95.993,96.12,95.992,96.108,680,0,8
2021.11.22,96.112,96.524,96.008,96.441,15442,0,15
2021.11.23,96.444,96.586,96.28,96.49,15602,0,15
2021.11.24,96.494,96.915,96.408,96.802,15484,0,14
2021.11.25,96.802,96.804,96.625,96.746,8007,0,23
2021.11.26,96.75,96.759,94.89,95.763,22376,0,27
2021.11.28,96.089,96.244,96.04,96.169,1644,0,0
2021.11.29,96.176,96.42,96.109,96.167,15837,0,13
2021.11.30,96.171,96.632,95.518,95.94,21430,0,1
2021.12.01,95.943,96.112,95.643,96.018,18076,0,4
2021.12.02,96.02,96.15,95.797,96.064,15155,0,31
2021.12.03,96.067,96.424,95.916,96.126,16508,0,45
2021.12.05,96.153,96.186,96.005,96.158,1080,0,20
2021.12.06,96.162,96.404,96.096,96.26,12074,0,12
2021.12.07,96.263,96.567,96.144,96.254,12219,0,29
2021.12.08,96.253,96.355,95.822,95.913,13779,0,21
2021.12.09,95.916,96.315,95.915,96.183,11223,0,27
2021.12.10,96.185,96.402,95.949,96.022,11097,0,49
2021.12.12,96.052,96.086,96.018,96.075,688,0,7
2021.12.13,96.079,96.423,96.055,96.335,10271,0,22
2021.12.14,96.338,96.562,96.07,96.535,10539,0,23
2021.12.15,96.537,96.894,96.269,96.347,14148,0,8
2021.12.16,96.348,96.422,95.822,95.946,14144,0,2
2021.12.17,95.949,96.664,95.85,96.652,11843,0,48
2021.12.19,96.625,96.664,96.59,96.606,692,0,32
2021.12.20,96.609,96.652,96.308,96.488,12153,0,19
2021.12.21,96.489,96.614,96.312,96.415,11191,0,8
2021.12.22,96.416,96.577,95.993,96.081,11942,0,3
2021.12.23,96.083,96.253,95.963,96.072,20269,0,1
2021.12.24,96.073,96.073,95.868,95.946,19850,0,64
2021.12.26,96.119,96.159,96.03,96.069,1580,0,7
2021.12.27,96.071,96.232,96.02,96.026,15792,0,21
2021.12.28,96.026,96.254,95.968,96.104,16775,0,0
2021.12.29,96.106,96.368,95.737,95.798,18654,0,15
2021.12.30,95.799,96.199,95.799,95.976,19379,0,23
2021.12.31,95.98,96.081,95.544,95.571,16060,0,51
2022.01.02,95.636,95.67,95.565,95.652,1297,0,0
2022.01.03,95.654,96.302,95.628,96.168,21649,0,9
2022.01.04,96.168,96.436,96.0,96.27,23995,0,21
2022.01.05,96.27,96.308,95.858,96.157,24263,0,17
2022.01.06,96.158,96.366,96.002,96.234,26610,0,29
2022.01.07,96.235,96.272,95.684,95.709,21903,0,48
2022.01.09,95.756,95.796,95.701,95.763,1516,0,16
2022.01.10,95.766,96.208,95.73,95.912,24417,0,3
2022.01.11,95.915,96.049,95.546,95.596,24253,0,30
2022.01.12,95.598,95.666,94.879,94.979,23950,0,37
2022.01.13,94.981,94.996,94.627,94.813,24610,0,31
2022.01.14,94.813,95.242,94.601,95.131,25833,0,40
2022.01.16,95.121,95.198,95.071,95.155,1476,0,36
2022.01.17,95.166,95.324,94.993,95.196,18755,0,15
2022.01.18,95.197,95.805,95.101,95.682,29719,0,21
2022.01.19,95.682,95.767,95.465,95.567,27086,0,14
2022.01.20,95.575,95.837,95.392,95.737,26917,0,25
2022.01.21,95.738,95.815,95.465,95.607,27017,0,48
2022.01.23,95.613,95.648,95.585,95.625,1769,0,29
2022.01.24,95.626,96.108,95.626,95.871,29095,0,19
2022.01.25,95.872,96.248,95.868,95.94,27878,0,0
2022.01.26,95.94,96.515,95.885,96.455,27799,0,31
2022.01.27,96.458,97.273,96.452,97.201,31968,0,14
2022.01.28,97.203,97.417,97.029,97.188,29065,0,49
2022.01.30,97.197,97.253,97.159,97.163,1358,0,45
2022.01.31,97.163,97.233,96.488,96.641,27267,0,16
2022.02.01,96.644,96.697,96.208,96.237,26420,0,17
2022.02.02,96.239,96.276,95.768,96.001,23849,0,17
2022.02.03,96.003,96.232,95.207,95.332,28859,0,8
2022.02.04,95.332,95.679,95.111,95.444,28385,0,47
2022.02.06,95.382,95.434,95.382,95.41,1450,0,13
2022.02.07,95.412,95.609,95.328,95.383,26298,0,14
2022.02.08,95.383,95.727,95.371,95.581,23932,0,12
2022.02.09,95.568,95.651,95.353,95.551,21403,0,16
2022.02.10,95.553,95.986,95.145,95.768,29946,0,28
2022.02.11,95.768,96.094,95.612,96.004,32427,0,47
2022.02.13,96.034,96.055,95.888,95.908,2103,0,4
2022.02.14,95.91,96.419,95.879,96.259,32485,0,9
2022.02.15,96.259,96.275,95.929,95.982,28039,0,25
2022.02.16,95.985,96.037,95.648,95.79,26549,0,5
2022.02.17,95.799,96.086,95.677,95.777,31934,0,31
2022.02.18,95.78,96.141,95.698,96.077,25897,0,45
2022.02.20,96.091,96.104,96.046,96.104,1605,0,6
2022.02.21,96.104,96.161,95.641,96.09,23839,0,12
2022.02.22,96.101,96.237,95.805,96.04,30993,0,16
2022.02.23,96.043,96.212,95.821,96.152,25935,0,11
2022.02.24,96.159,97.717,96.157,97.068,47287,0,4
2022.02.25,97.071,97.202,96.494,96.514,34997,0,46
2022.02.27,97.222,97.359,97.085,97.115,3578,0,0
2022.02.28,97.118,97.401,96.582,96.715,36276,0,26
2022.03.01,96.72,97.557,96.6,97.291,35417,0,10
2022.03.02,97.293,97.809,97.253,97.382,37765,0,11
2022.03.03,97.394,97.937,97.368,97.695,32165,0,41
2022.03.04,97.695,98.914,97.695,98.491,38598,0,37
2022.03.06,98.529,98.921,98.503,98.856,2569,0,30
2022.03.07,98.866,99.399,98.625,99.134,46195,0,37
2022.03.08,99.146,99.303,98.68,99.089,45056,0,23
2022.03.09,99.091,99.106,97.826,97.939,37417,0,8
2022.03.10,97.947,98.57,97.677,98.326,38144,0,27
2022.03.11,98.325,99.133,98.222,99.052,35429,0,44
2022.03.13,99.037,99.063,98.949,98.99,2340,0,49
2022.03.14,98.988,99.273,98.656,99.077,35207,0,18
2022.03.15,99.078,99.177,98.594,98.902,35636,0,24
2022.03.16,98.898,99.059,98.262,98.459,38221,0,29
2022.03.17,98.458,98.47,97.699,97.939,31868,0,32
2022.03.18,97.938,98.601,97.805,98.199,29142,0,46
2022.03.20,98.18,98.294,98.162,98.286,1678,0,18
2022.03.21,98.287,98.503,98.128,98.47,27091,0,29
2022.03.22,98.47,98.941,98.294,98.488,30586,0,15
2022.03.23,98.487,98.862,98.361,98.609,26830,0,25
2022.03.24,98.61,98.944,98.566,98.69,28651,0,19
2022.03.25,98.69,98.811,98.371,98.776,27778,0,47
2022.03.27,98.778,98.855,98.745,98.827,1986,0,19
2022.03.28,98.828,99.346,98.792,99.054,36166,0,21
2022.03.29,99.054,99.274,98.002,98.393,38647,0,17
2022.03.30,98.395,98.409,97.656,97.806,35979,0,31
2022.03.31,97.806,98.373,97.66,98.293,35917,0,33
2022.04.01,98.293,98.721,98.282,98.534,29552,0,46
2022.04.03,98.615,98.633,98.566,98.586,1953,0,2
2022.04.04,98.586,99.058,98.493,98.959,26699,0,11
2022.04.05,98.956,99.499,98.81,99.458,28415,0,29
2022.04.06,99.458,99.752,99.285,99.613,33102,0,16
2022.04.07,99.612,99.872,99.363,99.842,30914,0,29
2022.04.08,99.842,100.165,99.712,99.809,26390,0,48
2022.04.10,99.6,99.789,99.57,99.789,2608,0,32
2022.04.11,99.789,100.025,99.586,100.014,29859,0,10
2022.04.12,100.015,100.329,99.708,100.305,32033,0,10
2022.04.13,100.305,100.5,99.749,99.759,31651,0,1
2022.04.14,99.76,100.742,99.543,100.331,34369,0,12
2022.04.15,100.331,100.504,100.276,100.365,21894,0,89
2022.04.17,100.523,100.552,100.418,100.49,2457,0,31
2022.04.18,100.49,100.84,100.476,100.788,23421,0,25
2022.04.19,100.789,101.005,100.661,100.942,33151,0,28
2022.04.20,100.941,101.012,100.189,100.316,35129,0,4
2022.04.21,100.319,100.614,99.788,100.606,35871,0,14
2022.04.22,100.605,101.31,100.437,101.076,33594,0,29
2022.04.24,101.037,101.144,100.971,101.051,2910,0,30
2022.04.25,101.051,101.835,101.028,101.678,40245,0,22
2022.04.26,101.679,102.338,101.482,102.278,36802,0,27
2022.04.27,102.278,103.261,102.195,102.971,38693,0,27
2022.04.28,102.973,103.916,102.972,103.609,42833,0,17
2022.04.29,103.608,103.618,102.782,103.165,37126,0,50
2022.05.01,103.092,103.266,103.078,103.261,2972,0,26
2022.05.02,103.26,103.723,103.08,103.55,33568,0,11
2022.05.03,103.549,103.653,102.997,103.42,33695,0,22
2022.05.04,103.422,103.62,102.423,102.527,37678,0,26
2022.05.05,102.526,103.925,102.316,103.553,42259,0,9
2022.05.06,103.553,104.047,103.158,103.619,42461,0,49
2022.05.08,103.637,103.781,103.609,103.766,2504,0,26
2022.05.09,103.767,104.166,103.363,103.675,40838,0,1
2022.05.10,103.676,103.957,103.472,103.916,40930,0,12
2022.05.11,103.916,104.111,103.341,104.004,41749,0,1
2022.05.12,104.003,104.905,103.85,104.751,44748,0,43
2022.05.13,104.751,104.995,104.444,104.459,34921,0,46
2022.05.15,104.5,104.571,104.408,104.544,2911,0,7
2022.05.16,104.54,104.62,104.111,104.14,34304,0,24
2022.05.17,104.14,104.206,103.196,103.284,36392,0,25
2022.05.18,103.284,103.912,103.16,103.782,35379,0,16
2022.05.19,103.782,103.859,102.63,102.894,41790,0,22
2022.05.20,102.893,103.238,102.742,103.002,35074,0,31
2022.05.22,102.996,103.02,102.855,102.928,2397,0,50
2022.05.23,102.928,102.928,102.001,102.118,34157,0,21
2022.05.24,102.117,102.291,101.617,101.731,35487,0,4
2022.05.25,101.732,102.427,101.7,102.032,36993,0,0
2022.05.26,102.034,102.244,101.683,101.703,33238,0,13
2022.05.27,101.703,101.916,101.406,101.616,29440,0,43
2022.05.29,101.621,101.7,101.588,101.678,1814,0,33
2022.05.30,101.678,101.683,101.06,101.397,24811,0,27
2022.05.31,101.395,102.147,101.391,101.74,36206,0,23
2022.06.01,101.738,102.713,101.738,102.54,33787,0,11
2022.06.02,102.54,102.595,101.699,101.724,29725,0,10
2022.06.03,101.724,102.202,101.616,102.132,26290,0,50
2022.06.05,102.143,102.159,102.049,102.09,2055,0,16
2022.06.06,102.092,102.498,101.822,102.452,28559,0,11
2022.06.07,102.453,102.817,102.231,102.392,33732,0,22
2022.06.08,102.39,102.755,102.239,102.545,33530,0,27
2022.06.09,102.545,103.34,102.118,103.282,37763,0,20
2022.06.10,103.282,104.206,103.022,104.161,36365,0,45
2022.06.12,104.161,104.463,104.14,104.432,3836,0,22
2022.06.13,104.429,105.267,104.386,105.107,43917,0,20
2022.06.14,105.108,105.633,104.586,105.274,46240,0,4
2022.06.15,105.273,105.774,104.628,104.773,52073,0,22
2022.06.16,104.772,105.483,103.386,103.862,50272,0,14
2022.06.17,103.861,105.073,103.804,104.633,45030,0,43
2022.06.19,104.653,104.774,104.585,104.669,3171,0,45
2022.06.20,104.669,104.711,104.202,104.422,32806,0,24
2022.06.21,104.423,104.513,103.91,104.409,36838,0,25
2022.06.22,104.407,104.928,103.829,104.199,40059,0,22
2022.06.23,104.198,104.753,104.028,104.378,43445,0,24
2022.06.24,104.377,104.491,103.919,104.091,34684,0,43
2022.06.26,104.074,104.076,103.936,104.001,2798,0,50
2022.06.27,104.001,104.194,103.642,103.946,36129,0,28
2022.06.28,103.945,104.588,103.731,104.449,36752,0,38
2022.06.29,104.448,105.126,104.33,105.042,38833,0,24
2022.06.30,105.042,105.519,104.615,104.73,40176,0,13
2022.07.01,104.728,105.627,104.728,105.087,38543,0,38
2022.07.03,105.131,105.152,104.985,105.032,3060,0,0
2022.07.04,105.034,105.231,104.785,105.101,28605,0,23
2022.07.05,105.102,106.771,105.024,106.514,42121,0,17
2022.07.06,106.516,107.256,106.311,107.045,44840,0,11
2022.07.07,107.043,107.214,106.687,106.978,39504,0,5
2022.07.08,106.977,107.781,106.775,106.867,40137,0,44
2022.07.10,106.95,107.063,106.824,107.048,3032,0,20
2022.07.11,107.048,108.244,107.048,108.136,39866,0,31
2022.07.12,108.138,108.541,107.811,108.183,43452,0,15
2022.07.13,108.187,108.572,107.442,108.243,47105,0,6
2022.07.14,108.243,109.277,108.169,108.543,47445,0,8
2022.07.15,108.543,108.695,107.886,107.943,38745,0,48
2022.07.17,107.986,108.01,107.824,107.828,2451,0,0
2022.07.18,107.827,107.939,106.854,107.415,38840,0,0
2022.07.19,107.414,107.612,106.343,106.654,41690,0,0
2022.07.20,106.653,107.231,106.34,107.046,39849,0,2
2022.07.21,107.048,107.346,106.375,106.589,45695,0,3
2022.07.22,106.59,107.348,106.076,106.513,41629,0,42
2022.07.24,106.547,106.685,106.481,106.684,2708,0,12
2022.07.25,106.684,106.862,106.15,106.406,38287,0,30
2022.07.26,106.403,107.263,106.165,107.119,37297,0,5
2022.07.27,107.123,107.406,106.232,106.334,41711,0,3
2022.07.28,106.333,106.958,106.029,106.191,45039,0,11
2022.07.29,106.19,106.649,105.508,105.799,41999,0,49
2022.07.31,105.867,106.001,105.781,105.955,3178,0,32
2022.08.01,105.955,105.98,105.211,105.332,40645,0,1
2022.08.02,105.327,106.438,105.011,106.417,46518,0,15
2022.08.03,106.414,106.798,105.944,106.457,43108,0,9
2022.08.04,106.46,106.493,105.641,105.684,40348,0,24
2022.08.05,105.681,106.913,105.67,106.527,36870,0,49
2022.08.07,106.584,106.647,106.548,106.63,2736,0,40
2022.08.08,106.63,106.783,106.066,106.303,34893,0,4
2022.08.09,106.303,106.384,105.942,106.326,32222,0,19
2022.08.10,106.327,106.38,104.609,105.203,36877,0,23
2022.08.11,105.203,105.438,104.61,105.107,37736,0,21
2022.08.12,105.108,105.861,105.054,105.639,33365,0,32
2022.08.14,105.666,105.682,105.604,105.682,2328,0,0
2022.08.15,105.683,106.527,105.526,106.446,34305,0,0
2022.08.16,106.446,106.922,106.285,106.461,35006,0,21
2022.08.17,106.461,106.874,106.275,106.622,38439,0,21
2022.08.18,106.622,107.554,106.477,107.467,36658,0,4
2022.08.19,107.467,108.191,107.458,108.067,33056,0,48
2022.08.21,107.993,108.18,107.932,108.13,2807,0,49
2022.08.22,108.131,109.081,108.055,108.971,36248,0,38
2022.08.23,108.971,109.251,108.036,108.532,40956,0,29
2022.08.24,108.532,109.093,108.328,108.612,38251,0,27
2022.08.25,108.612,108.679,107.956,108.457,38742,0,27
2022.08.26,108.458,108.851,107.508,108.793,38018,0,39
2022.08.28,108.816,109.173,108.807,109.159,3354,0,27
2022.08.29,109.158,109.456,108.454,108.63,40101,0,2
2022.08.30,108.63,109.095,108.24,108.735,41824,0,33
2022.08.31,108.736,109.184,108.347,108.836,42363,0,2
2022.09.01,108.836,109.974,108.729,109.575,42515,0,20
2022.09.02,109.576,109.699,108.907,109.552,39610,0,47
2022.09.04,109.738,110.015,109.616,110.011,4296,0,0
2022.09.05,110.011,110.256,109.53,109.576,34416,0,1
2022.09.06,109.57,110.549,109.351,110.318,45248,0,0
2022.09.07,110.317,110.775,109.488,109.663,44607,0,6
2022.09.08,109.662,110.23,109.306,109.494,45625,0,18
2022.09.09,109.493,109.515,108.326,108.936,40375,0,24
2022.09.11,108.522,108.833,108.502,108.738,3039,0,49
2022.09.12,108.739,108.84,107.781,108.195,39839,0,1
2022.09.13,108.195,110.032,107.65,109.805,44168,0,31
2022.09.14,109.804,109.91,109.246,109.574,45429,0,1
2022.09.15,109.574,109.905,109.383,109.777,38687,0,0
2022.09.16,109.777,110.243,109.443,109.525,39094,0,47
2022.09.18,109.569,109.713,109.457,109.526,3004,0,48
2022.09.19,109.526,110.156,109.455,109.516,35696,0,16
2022.09.20,109.515,110.271,109.326,110.146,40723,0,1
2022.09.21,110.146,111.593,110.1,111.449,49189,0,2
2022.09.22,111.445,111.799,110.398,111.204,56086,0,0
2022.09.23,111.204,113.214,111.05,112.988,48328,0,34
2022.09.25,113.21,113.231,112.865,113.125,4888,0,0
2022.09.26,113.124,114.66,113.013,113.86,71129,0,18
2022.09.27,113.857,114.457,113.294,114.122,53242,0,1
2022.09.28,114.122,114.768,112.459,113.029,63726,0,41
2022.09.29,113.028,113.772,111.617,111.779,58052,0,6
2022.09.30,111.778,112.656,111.533,112.147,54289,0,37
2022.10.02,112.137,112.252,112.009,112.206,3646,0,23
2022.10.03,112.206,112.527,111.436,111.543,52879,0,22
2022.10.04,111.538,111.867,110.029,110.163,51805,0,8
2022.10.05,110.163,111.728,110.064,110.906,50471,0,4
2022.10.06,110.907,112.294,110.752,112.235,50907,0,2
2022.10.07,112.236,112.859,111.92,112.717,46491,0,34
2022.10.09,112.717,112.859,112.696,112.794,3886,0,33
2022.10.10,112.793,113.332,112.588,113.042,44785,0,18
2022.10.11,113.04,113.492,112.384,113.318,52311,0,8
2022.10.12,113.318,113.572,112.971,113.216,52391,0,21
2022.10.13,113.221,113.911,112.118,112.561,54390,0,13
2022.10.14,112.566,113.401,112.121,113.211,52479,0,46
2022.10.16,113.172,113.213,112.949,113.036,4329,0,32
2022.10.17,113.035,113.199,111.894,112.058,48030,0,5
2022.10.18,112.056,112.436,111.746,111.943,50208,0,18
2022.10.19,111.945,113.076,111.898,112.953,47894,0,26
2022.10.20,112.95,113.074,112.136,112.905,50897,0,1
2022.10.21,112.9,113.929,111.668,111.792,60866,0,46
2022.10.23,111.621,112.252,111.323,111.806,7529,0,30
2022.10.24,111.807,112.518,111.728,111.844,54835,0,31
2022.10.25,111.842,112.113,110.732,110.919,47768,0,40
2022.10.26,110.917,111.114,109.541,109.541,50157,0,10
2022.10.27,109.541,110.597,109.504,110.526,51494,0,21
2022.10.28,110.521,111.046,110.262,110.64,46162,0,40
2022.10.30,110.703,110.804,110.658,110.791,3521,0,48
2022.10.31,110.791,111.646,110.695,111.523,41300,0,10
2022.11.01,111.523,111.761,110.676,111.465,45702,0,10
2022.11.02,111.465,112.183,110.384,112.127,49559,0,22
2022.11.03,112.125,113.135,111.79,112.953,47305,0,20
2022.11.04,112.948,112.971,110.684,110.76,49146,0,43
2022.11.06,111.162,111.229,110.942,111.066,3165,0,0
2022.11.07,111.082,111.261,110.022,110.18,46880,0,1
2022.11.08,110.181,110.606,109.339,109.484,43413,0,15
2022.11.09,109.501,110.624,109.424,110.318,49830,0,10
2022.11.10,110.309,110.973,107.679,108.073,55380,0,19
2022.11.11,108.081,108.425,106.253,106.363,52373,0,48
2022.11.13,106.573,106.851,106.544,106.695,3298,0,0
2022.11.14,106.712,107.255,106.435,106.925,50069,0,6
2022.11.15,106.936,107.086,105.273,106.39,57503,0,17
2022.11.16,106.398,106.767,105.819,106.249,52897,0,22
2022.11.17,106.247,107.223,106.056,106.688,47375,0,33
2022.11.18,106.687,107.019,106.308,106.944,41600,0,23
2022.11.20,106.935,106.947,106.824,106.856,2046,0,24
2022.11.21,106.868,107.975,106.851,107.748,42874,0,24
2022.11.22,107.743,107.793,107.051,107.051,38916,0,31
2022.11.23,107.068,107.206,105.887,105.895,42040,0,22
2022.11.24,105.887,106.047,105.606,105.836,35239,0,33
2022.11.25,105.836,106.404,105.66,105.867,37588,0,48
2022.11.27,106.17,106.314,106.151,106.314,2340,0,8
2022.11.28,106.32,106.725,105.289,106.593,45259,0,27
2022.11.29,106.583,106.864,106.028,106.829,46344,0,13
2022.11.30,106.836,107.179,105.711,105.753,49367,0,9
2022.12.01,105.761,105.884,104.516,104.626,51059,0,2
2022.12.02,104.627,105.581,104.345,104.478,46253,0,41
2022.12.04,104.522,104.577,104.445,104.445,2132,0,23
2022.12.05,104.447,105.379,104.088,105.209,44236,0,29
2022.12.06,105.201,105.607,104.864,105.509,43701,0,25
2022.12.07,105.52,105.805,104.839,105.111,44768,0,16
2022.12.08,105.11,105.41,104.689,104.771,41035,0,25
2022.12.09,104.776,105.18,104.45,104.866,40680,0,48
2022.12.11,104.858,105.048,104.843,105.025,1886,0,21
2022.12.12,105.019,105.229,104.634,104.942,38845,0,1
2022.12.13,104.94,105.074,103.541,104.045,46542,0,33
2022.12.14,104.046,104.16,103.413,103.635,48688,0,34
2022.12.15,103.625,104.859,103.485,104.474,46001,0,20
2022.12.16,104.486,104.827,104.182,104.82,41841,0,32
2022.12.18,104.71,104.785,104.655,104.727,2418,0,1
2022.12.19,104.745,104.911,104.102,104.6,40505,0,31
2022.12.20,104.605,104.765,103.74,103.931,51781,0,5
2022.12.21,103.939,104.361,103.823,104.205,41148,0,31
2022.12.22,104.216,104.579,103.719,104.341,39533,0,37
2022.12.23,104.333,104.519,104.092,104.298,35714,0,46
2022.12.25,104.224,104.323,104.127,104.149,1514,0,7
2022.12.26,104.196,104.271,103.9,103.972,23634,0,40
2022.12.27,104.006,104.376,103.857,104.187,34804,0,17
2022.12.28,104.189,104.534,103.812,104.331,37211,0,25
2022.12.29,104.325,104.428,103.748,103.957,35418,0,2
2022.12.30,103.948,104.081,103.362,103.448,38162,0,16
2023.01.01,103.473,103.525,103.377,103.401,1902,0,0
2023.01.02,103.403,103.827,103.394,103.595,20615,0,45
2023.01.03,103.593,104.839,103.442,104.697,45976,0,20
2023.01.04,104.697,104.709,103.785,104.186,45336,0,0
2023.01.05,104.179,105.251,103.957,105.089,44978,0,27
2023.01.06,105.077,105.616,103.844,103.884,42103,0,38
2023.01.08,103.885,103.925,103.704,103.704,2325,0,25
2023.01.09,103.72,103.847,102.916,103.148,42337,0,29
2023.01.10,103.151,103.473,102.997,103.218,41729,0,25
2023.01.11,103.229,103.463,103.061,103.093,38327,0,6
2023.01.12,103.094,103.324,102.048,102.157,47010,0,22
2023.01.13,102.166,102.642,101.954,102.111,41366,0,38
2023.01.15,102.116,102.245,102.111,102.217,2262,0,32
2023.01.16,102.227,102.536,101.745,102.237,32942,0,22
2023.01.17,102.238,102.542,101.899,102.376,43053,0,38
2023.01.18,102.369,102.877,101.484,102.313,50532,0,11
2023.01.19,102.304,102.461,101.964,102.016,42249,0,18
2023.01.20,102.022,102.534,101.903,101.973,36111,0,46
2023.01.22,101.9,101.94,101.824,101.885,1999,0,37
2023.01.23,101.877,102.255,101.548,101.997,37518,0,26
2023.01.24,101.989,102.411,101.687,101.891,35472,0,8
2023.01.25,101.884,102.1,101.507,101.531,36184,0,12
2023.01.26,101.519,102.174,101.477,101.728,36670,0,30
2023.01.27,101.722,102.172,101.655,101.9,32125,0,42
2023.01.29,101.905,101.938,101.839,101.849,1961,0,21
2023.01.30,101.85,102.292,101.631,102.218,36064,0,24
2023.01.31,102.211,102.591,101.984,102.087,35531,0,10
2023.02.01,102.079,102.163,100.775,100.923,39740,0,17
2023.02.02,100.926,101.894,100.793,101.768,42648,0,20
2023.02.03,101.759,103.008,101.518,102.998,38141,0,0
2023.02.05,103.15,103.155,102.94,103.066,2742,0,26
2023.02.06,103.085,103.744,102.985,103.578,37530,0,7
2023.02.07,103.578,103.944,102.967,103.293,41847,0,16
2023.02.08,103.295,103.499,102.968,103.437,35492,0,14
2023.02.09,103.43,103.539,102.615,103.171,35544,0,29
2023.02.10,103.18,103.661,102.868,103.558,36325,0,38
2023.02.12,103.495,103.604,103.495,103.567,1789,0,34
2023.02.13,103.584,103.818,103.183,103.192,33361,0,32
2023.02.14,103.188,103.505,102.476,103.228,42207,0,20
2023.02.15,103.228,104.09,103.136,103.768,37465,0,12
2023.02.16,103.775,104.218,103.501,104.084,38424,0,22
2023.02.17,104.078,104.649,103.815,103.853,34705,0,47
2023.02.19,103.921,103.962,103.872,103.946,2016,0,30
2023.02.20,103.959,104.067,103.73,103.875,23438,0,44
2023.02.21,103.872,104.241,103.739,104.13,37533,0,17
2023.02.22,104.138,104.573,103.979,104.497,37376,0,26
2023.02.23,104.501,104.757,104.283,104.545,34426,0,5
2023.02.24,104.555,105.299,104.395,105.236,36931,0,39
2023.02.26,105.209,105.213,105.115,105.143,1565,0,34
2023.02.27,105.142,105.336,104.511,104.628,34468,0,21
2023.02.28,104.639,104.979,104.383,104.959,35157,0,12
2023.03.01,104.95,105.071,104.067,104.367,38149,0,26
2023.03.02,104.359,105.157,104.315,104.932,37311,0,15
2023.03.03,104.943,104.988,104.46,104.504,33186,0,40
2023.03.05,104.559,104.607,104.527,104.604,2000,0,12
2023.03.06,104.618,104.668,104.137,104.236,32895,0,12
2023.03.07,104.248,105.634,104.095,105.632,37640,0,8
2023.03.08,105.641,105.865,105.328,105.613,35546,0,1
2023.03.09,105.613,105.708,105.121,105.221,34925,0,23
2023.03.10,105.228,105.35,104.008,104.604,45847,0,45
2023.03.12,104.267,104.279,103.951,104.252,5159,0,47
2023.03.13,104.247,104.371,103.458,103.659,54106,0,12
2023.03.14,103.655,104.034,103.463,103.712,46607,0,10
2023.03.15,103.712,105.087,103.419,104.63,49664,0,21
2023.03.16,104.63,104.727,104.174,104.372,47323,0,4
2023.03.17,104.371,104.424,103.659,103.844,37358,0,34
2023.03.19,103.687,103.838,103.568,103.74,3280,0,39
2023.03.20,103.739,103.943,103.25,103.317,40804,0,19
2023.03.21,103.316,103.493,102.973,103.156,32762,0,9
2023.03.22,103.155,103.243,102.025,102.419,37994,0,26
2023.03.23,102.414,102.625,101.888,102.581,39690,0,13
2023.03.24,102.581,103.349,102.478,103.091,37539,0,40
2023.03.26,102.988,103.037,102.932,102.973,3071,0,40
2023.03.27,102.973,103.208,102.721,102.737,31269,0,2
2023.03.28,102.737,102.756,102.367,102.48,28519,0,8
2023.03.29,102.476,102.775,102.354,102.629,29132,0,9
2023.03.30,102.626,102.77,102.056,102.219,28809,0,9
2023.03.31,102.218,102.618,102.034,102.575,28856,0,19
2023.04.02,102.622,102.931,102.579,102.919,2996,0,24
2023.04.03,102.919,103.051,101.953,102.022,30049,0,7
2023.04.04,102.022,102.264,101.44,101.514,30613,0,10
2023.04.05,101.514,101.982,101.389,101.861,28948,0,6
2023.04.06,101.862,102.129,101.684,101.721,25912,0,6
2023.04.07,101.716,102.263,101.687,102.048,21028,0,92
2023.04.09,102.071,102.088,101.956,101.999,2159,0,13
2023.04.10,101.999,102.8,101.962,102.466,23482,0,11
2023.04.11,102.466,102.504,101.994,102.109,25532,0,8
2023.04.12,102.109,102.147,101.433,101.471,27651,0,9
2023.04.13,101.472,101.589,100.832,100.962,26300,0,15
2023.04.14,100.962,101.737,100.771,101.57,26829,0,20
2023.04.16,101.582,101.671,101.514,101.664,1642,0,15
2023.04.17,101.664,102.222,101.518,102.103,26152,0,8
2023.04.18,102.103,102.137,101.625,101.708,25666,0,5
2023.04.19,101.707,102.221,101.643,101.979,27065,0,9
2023.04.20,101.979,102.116,101.618,101.774,26588,0,4
2023.04.21,101.774,102.112,101.632,101.709,25689,0,23
2023.04.23,101.695,101.705,101.643,101.672,1296,0,13
2023.04.24,101.672,101.901,101.237,101.239,24929,0,11
2023.04.25,101.238,101.939,101.185,101.806,28108,0,1
2023.04.26,101.806,101.881,100.99,101.377,31345,0,10
2023.04.27,101.376,101.796,101.248,101.438,29853,0,4
2023.04.28,101.437,102.176,101.401,101.655,32967,0,23
2023.04.30,101.624,101.728,101.611,101.722,1927,0,2
2023.05.01,101.72,102.177,101.61,102.159,25071,0,6
2023.05.02,102.158,102.395,101.831,101.856,29803,0,9
2023.05.03,101.856,101.915,101.051,101.215,32104,0,8
2023.05.04,101.21,101.634,101.014,101.328,34520,0,12
2023.05.05,101.328,101.774,101.103,101.265,26587,0,23
2023.05.07,101.266,101.331,101.223,101.315,1489,0,5
2023.05.08,101.315,101.43,101.027,101.424,23141,0,9
2023.05.09,101.425,101.83,101.347,101.615,25173,0,0
2023.05.10,101.615,101.797,101.196,101.399,27178,0,2
2023.05.11,101.4,102.142,101.289,102.084,28911,0,8
2023.05.12,102.082,102.701,101.923,102.688,23957,0,23
2023.05.14,102.647,102.719,102.636,102.681,1429,0,13
2023.05.15,102.681,102.741,102.346,102.426,22908,0,10
2023.05.16,102.426,102.68,102.185,102.588,25329,0,12
2023.05.17,102.589,103.107,102.524,102.878,26080,0,6
2023.05.18,102.878,103.614,102.781,103.493,25790,0,12
2023.05.19,103.493,103.607,102.976,103.178,27844,0,23
2023.05.21,103.182,103.185,103.016,103.035,1460,0,14
2023.05.22,103.034,103.359,102.949,103.256,27702,0,0
2023.05.23,103.256,103.642,103.15,103.531,29048,0,1
2023.05.24,103.531,103.943,103.334,103.834,30666,0,4
2023.05.25,103.834,104.303,103.834,104.224,28998,0,9
2023.05.26,104.224,104.411,103.833,104.211,26813,0,21
2023.05.28,104.243,104.27,104.18,104.265,1762,0,6
2023.05.29,104.266,104.306,104.031,104.305,15628,0,11
2023.05.30,104.306,104.523,103.863,104.05,29879,0,5
2023.05.31,104.05,104.689,104.001,104.149,31963,0,0
2023.06.01,104.148,104.49,103.484,103.537,29738,0,2
2023.06.02,103.536,104.076,103.369,104.027,26218,0,20
2023.06.04,104.022,104.169,104.016,104.146,1638,0,9
2023.06.05,104.147,104.394,103.92,103.994,26203,0,8
2023.06.06,103.994,104.361,103.798,104.074,25607,0,11
2023.06.07,104.074,104.288,103.639,104.034,26957,0,22
2023.06.08,104.03,104.064,103.282,103.316,26632,0,9
2023.06.09,103.316,103.595,103.298,103.536,23589,0,22
2023.06.11,103.539,103.585,103.515,103.528,1438,0,7
2023.06.12,103.527,103.745,103.229,103.571,24764,0,8
2023.06.13,103.571,103.616,103.031,103.297,28696,0,5
2023.06.14,103.298,103.392,102.649,102.921,28040,0,0
2023.06.15,102.921,103.366,102.072,102.136,29263,0,12
2023.06.16,102.135,102.416,101.991,102.281,26753,0,22
2023.06.18,102.315,102.315,102.242,102.291,2292,0,1
2023.06.19,102.291,102.545,102.237,102.471,20312,0,11
2023.06.20,102.471,102.777,102.309,102.498,28021,0,12
2023.06.21,102.498,102.704,102.008,102.019,30144,0,13
2023.06.22,102.019,102.457,101.871,102.384,28364,0,8
2023.06.23,102.384,103.156,102.367,102.857,29148,0,21
2023.06.25,102.815,102.82,102.733,102.745,2110,0,12
2023.06.26,102.745,102.815,102.6,102.728,25986,0,11
2023.06.27,102.727,102.794,102.306,102.501,27885,0,11
2023.06.28,102.501,103.14,102.456,102.953,27914,0,7
2023.06.29,102.953,103.431,102.77,103.323,28582,0,12
2023.06.30,103.323,103.535,102.734,102.906,27433,0,22
2023.07.02,102.908,102.947,102.877,102.941,1375,0,13
2023.07.03,102.941,103.265,102.731,102.954,24279,0,3
2023.07.04,102.954,103.1,102.87,103.056,17998,0,13
2023.07.05,103.056,103.38,102.941,103.33,25326,0,12
2023.07.06,103.33,103.568,102.906,103.089,30962,0,2
2023.07.07,103.089,103.177,102.213,102.254,28131,0,22
2023.07.09,102.298,102.329,102.254,102.279,1668,0,14
2023.07.10,102.279,102.555,101.904,101.913,26519,0,14
2023.07.11,101.912,101.962,101.579,101.589,26032,0,5
2023.07.12,101.589,101.602,100.486,100.488,30636,0,8
2023.07.13,100.485,100.6,99.705,99.765,29863,0,0
2023.07.14,99.762,100.008,99.564,99.943,31851,0,23
2023.07.16,99.923,99.988,99.906,99.946,1849,0,1
2023.07.17,99.946,100.176,99.74,99.892,23668,0,7
2023.07.18,99.893,100.094,99.54,99.953,29888,0,12
2023.07.19,99.952,100.532,99.91,100.244,29718,0,2
2023.07.20,100.244,100.96,100.006,100.766,28707,0,6
2023.07.21,100.764,101.18,100.708,101.074,26289,0,23
2023.07.23,101.059,101.095,100.974,101.09,1775,0,13
2023.07.24,101.089,101.425,100.871,101.405,29415,0,0
2023.07.25,101.404,101.639,101.171,101.307,25726,0,11
2023.07.26,101.307,101.427,100.844,101.087,30654,0,0
2023.07.27,101.087,101.834,100.536,101.684,36576,0,15
2023.07.28,101.684,102.04,101.311,101.687,38174,0,21
2023.07.30,101.671,101.671,101.576,101.601,2059,0,12
2023.07.31,101.599,101.892,101.511,101.883,28974,0,12
2023.08.01,101.883,102.424,101.837,101.996,29305,0,15
2023.08.02,101.995,102.772,101.995,102.58,31243,0,6
2023.08.03,102.579,102.832,102.35,102.446,33236,0,5
2023.08.04,102.446,102.61,101.728,101.992,29222,0,22
2023.08.06,101.944,102.077,101.934,102.051,2292,0,1
2023.08.07,102.05,102.373,101.951,102.075,24088,0,15
2023.08.08,102.076,102.796,102.058,102.517,28300,0,11
2023.08.09,102.516,102.57,102.279,102.468,25665,0,3
2023.08.10,102.467,102.642,101.749,102.632,41992,0,13
2023.08.11,102.632,102.899,102.404,102.851,25999,0,22
2023.08.13,102.774,102.898,102.767,102.864,1728,0,14
2023.08.14,102.863,103.453,102.757,103.127,28137,0,7
2023.08.15,103.127,103.273,102.797,103.202,31264,0,1
2023.08.16,103.202,103.515,102.93,103.467,30242,0,1
2023.08.17,103.467,103.588,103.041,103.391,31024,0,14
2023.08.18,103.388,103.671,103.212,103.422,27354,0,20
2023.08.20,103.403,103.419,103.342,103.388,1748,0,14
2023.08.21,103.386,103.495,103.127,103.312,26801,0,11
2023.08.22,103.312,103.706,102.999,103.577,26461,0,11
2023.08.23,103.576,103.971,103.278,103.339,29533,0,6
2023.08.24,103.338,104.122,103.261,104.077,27513,0,10
2023.08.25,104.078,104.437,103.723,104.171,27972,0,22
2023.08.27,104.159,104.209,104.119,104.16,2232,0,13
2023.08.28,104.16,104.17,103.901,103.938,23702,0,9
2023.08.29,103.938,104.347,103.353,103.546,28433,0,7
2023.08.30,103.545,103.689,102.916,103.114,28394,0,3
2023.08.31,103.113,103.73,102.997,103.623,27918,0,12
2023.09.01,103.623,104.28,103.256,104.258,27463,0,22
2023.09.03,104.239,104.27,104.221,104.229,1153,0,9
2023.09.04,104.229,104.255,104.012,104.144,16604,0,13
2023.09.05,104.144,104.896,104.093,104.743,26877,0,7
2023.09.06,104.743,105.026,104.579,104.856,27834,0,10
2023.09.07,104.857,105.15,104.791,105.04,25202,0,11
2023.09.08,105.039,105.086,104.648,105.042,24329,0,20
2023.09.10,104.937,104.941,104.799,104.841,2473,0,5
2023.09.11,104.84,104.881,104.402,104.561,26839,0,8
2023.09.12,104.561,104.909,104.399,104.58,25146,0,7
2023.09.13,104.58,104.977,104.501,104.734,29257,0,10
2023.09.14,104.734,105.423,104.549,105.398,28324,0,10
2023.09.15,105.398,105.404,105.068,105.313,25221,0,22
2023.09.17,105.279,105.302,105.243,105.251,1285,0,14
2023.09.18,105.251,105.352,105.009,105.073,22010,0,3
2023.09.19,105.074,105.196,104.794,105.111,22593,0,7
2023.09.20,105.111,105.457,104.652,105.444,27909,0,9
2023.09.21,105.443,105.73,105.266,105.383,29699,0,1
2023.09.22,105.384,105.774,105.305,105.582,26273,0,12
2023.09.24,105.517,105.583,105.515,105.571,1620,0,0
2023.09.25,105.572,106.093,105.505,105.942,23718,0,11
2023.09.26,105.942,106.251,105.851,106.203,26000,0,1
2023.09.27,106.203,106.829,106.153,106.66,28729,0,11
2023.09.28,106.657,106.744,106.009,106.153,30756,0,5
2023.09.29,106.152,106.234,105.643,106.148,30118,0,22
2023.10.01,106.199,106.3,106.15,106.24,2171,0,0
2023.10.02,106.236,107.048,106.029,107.003,28630,0,10
2023.10.03,107.002,107.341,106.788,107.061,33828,0,7
2023.10.04,107.061,107.236,106.496,106.756,33017,0,11
2023.10.05,106.758,106.849,106.309,106.36,31654,0,9
2023.10.06,106.36,106.969,105.937,106.073,30661,0,19
2023.10.08,106.256,106.343,106.204,106.213,2858,0,14
2023.10.09,106.212,106.592,105.935,105.947,28117,0,8
2023.10.10,105.947,106.238,105.648,105.756,32989,0,6
2023.10.11,105.756,106.003,105.546,105.664,31291,0,4
2023.10.12,105.665,106.592,105.521,106.503,29321,0,3
2023.10.13,106.505,106.778,106.277,106.656,28612,0,22
2023.10.15,106.606,106.625,106.509,106.552,2533,0,0
2023.10.16,106.55,106.603,106.167,106.246,25783,0,8
2023.10.17,106.243,106.515,106.01,106.209,28429,0,4
2023.10.18,106.21,106.626,106.001,106.533,29854,0,13
2023.10.19,106.533,106.661,105.923,106.203,33370,0,4
2023.10.20,106.204,106.407,106.055,106.14,27683,0,22
2023.10.22,106.135,106.18,106.105,106.174,1822,0,9
2023.10.23,106.177,106.323,105.503,105.591,27233,0,4
2023.10.24,105.59,106.308,105.333,106.225,28412,0,10
2023.10.25,106.224,106.603,106.128,106.543,26979,0,1
2023.10.26,106.544,106.911,106.517,106.567,30207,0,1
2023.10.27,106.569,106.79,106.308,106.559,26876,0,22
2023.10.29,106.52,106.619,106.512,106.595,1673,0,12
2023.10.30,106.596,106.695,106.05,106.15,25519,0,8
2023.10.31,106.15,106.847,105.879,106.663,31106,0,9
2023.11.01,106.663,107.109,106.457,106.458,31314,0,1
2023.11.02,106.454,106.476,105.797,106.195,28199,0,5
2023.11.03,106.194,106.213,104.926,105.05,26008,0,22
2023.11.05,105.089,105.117,105.041,105.062,1343,0,10
2023.11.06,105.063,105.28,104.835,105.256,24795,0,13
2023.11.07,105.257,105.765,105.248,105.532,26834,0,10
2023.11.08,105.534,105.861,105.437,105.492,26726,0,7
2023.11.09,105.488,105.957,105.364,105.902,28450,0,0
2023.11.10,105.908,106.003,105.73,105.774,24943,0,22
2023.11.12,105.756,105.801,105.737,105.74,1333,0,8
2023.11.13,105.743,105.946,105.574,105.62,23545,0,17
2023.11.14,105.625,105.721,103.974,104.082,27918,0,5
2023.11.15,104.088,104.502,103.954,104.311,28400,0,4
2023.11.16,104.311,104.546,103.993,104.352,27303,0,0
2023.11.17,104.357,104.54,103.773,103.773,27315,0,15
2023.11.19,103.825,103.897,103.813,103.897,1186,0,14
2023.11.20,103.894,103.96,103.363,103.44,28504,0,3
2023.11.21,103.44,103.699,103.165,103.516,29908,0,3
2023.11.22,103.517,104.205,103.465,103.863,28546,0,13
2023.11.23,103.868,103.873,103.485,103.758,19516,0,1
2023.11.24,103.763,103.831,103.323,103.355,21114,0,22
2023.11.26,103.394,103.434,103.367,103.425,1188,0,10
2023.11.27,103.431,103.52,103.13,103.132,26666,0,3
2023.11.28,103.137,103.311,102.591,102.602,29399,0,9
2023.11.29,102.602,103.007,102.452,102.802,31799,0,2
2023.11.30,102.809,103.581,102.706,103.434,32887,0,3
2023.12.01,103.44,103.719,103.102,103.184,30710,0,22
2023.12.03,103.202,103.205,103.025,103.107,2528,0,8
2023.12.04,103.106,103.842,103.105,103.618,32209,0,0
2023.12.05,103.618,104.081,103.523,103.959,32130,0,0
2023.12.06,103.964,104.221,103.852,104.139,28316,0,1
2023.12.07,104.142,104.19,103.236,103.66,34376,0,0
2023.12.08,103.667,104.281,103.422,103.971,34776,0,23
2023.12.10,103.986,104.008,103.923,103.948,1395,0,8
2023.12.11,103.944,104.255,103.912,104.051,27472,0,5
2023.12.12,104.053,104.086,103.455,103.747,29569,0,1
2023.12.13,103.753,104.02,102.759,102.869,31903,0,5
2023.12.14,102.874,102.898,101.756,101.958,40576,0,1
2023.12.15,101.964,102.635,101.826,102.565,33233,0,23
2023.12.17,102.562,102.632,102.508,102.6,1694,0,13
2023.12.18,102.603,102.623,102.363,102.475,28149,0,0
2023.12.19,102.48,102.619,102.052,102.126,31116,0,9
2023.12.20,102.129,102.53,102.128,102.394,30054,0,0
2023.12.21,102.393,102.439,101.714,101.766,31897,0,0
2023.12.22,101.77,101.884,101.416,101.694,28097,0,22
2023.12.25,101.685,101.71,101.58,101.615,1400,0,7
2023.12.26,101.628,101.76,101.424,101.457,17427,0,12
2023.12.27,101.461,101.562,100.814,100.871,24925,0,7
2023.12.28,100.877,101.286,100.603,101.185,28125,0,1
2023.12.29,101.19,101.411,101.051,101.358,26442,0,23
2024.01.01,101.305,101.369,101.263,101.362,1521,0,15
2024.01.02,101.367,102.239,101.325,102.222,27617,0,0
2024.01.03,102.228,102.718,102.06,102.387,33073,0,1
2024.01.04,102.387,102.517,102.129,102.42,30938,0,2
2024.01.05,102.425,103.096,101.89,102.409,38439,0,23
2024.01.07,102.379,102.502,102.375,102.437,3939,0,0
2024.01.08,102.362,102.61,102.061,102.286,32452,0,4
2024.01.09,102.287,102.647,102.094,102.485,30187,0,2
2024.01.10,102.485,102.63,102.315,102.324,27212,0,1
2024.01.11,102.322,102.755,102.055,102.198,34377,0,0
2024.01.12,102.204,102.575,102.073,102.42,29421,0,23
2024.01.14,102.44,102.502,102.41,102.492,1310,0,15
2024.01.15,102.493,102.664,102.298,102.619,21782,0,0
2024.01.16,102.625,103.414,102.613,103.303,33705,0,9
2024.01.17,103.304,103.681,103.249,103.334,31784,0,4
2024.01.18,103.332,103.619,103.134,103.352,32000,0,1
2024.01.19,103.354,103.535,103.221,103.222,27825,0,23
2024.01.21,103.261,103.3,103.214,103.255,1928,0,0
2024.01.22,103.262,103.373,103.101,103.367,26974,0,0
2024.01.23,103.367,103.806,102.967,103.492,29136,0,0
2024.01.24,103.498,103.537,102.756,103.271,30623,0,5
2024.01.25,103.281,103.676,103.104,103.478,30588,0,5
2024.01.26,103.489,103.717,103.116,103.449,27011,0,23
2024.01.28,103.511,103.538,103.473,103.536,1892,0,14
2024.01.29,103.544,103.812,103.389,103.448,25403,0,9
2024.01.30,103.45,103.604,103.296,103.378,27111,0,2
2024.01.31,103.378,103.73,102.925,103.6,36167,0,6
2024.02.01,103.603,103.802,103.007,103.034,34097,0,12
2024.02.02,103.039,104.032,102.888,103.947,28758,0,22
2024.02.04,103.935,104.102,103.933,104.012,2067,0,0
2024.02.05,104.023,104.592,103.97,104.443,46945,0,30
2024.02.06,104.446,104.578,104.11,104.123,44814,0,30
2024.02.07,104.124,104.15,103.923,104.011,44078,0,29
2024.02.08,104.012,104.421,103.939,104.117,41248,0,30
2024.02.09,104.112,104.247,103.933,104.061,40966,0,30
2024.02.11,104.061,104.077,103.95,103.96,1844,0,42
2024.02.12,103.963,104.266,103.878,104.129,33089,0,30
2024.02.13,104.132,104.95,103.907,104.848,52555,0,30
2024.02.14,104.849,104.962,104.64,104.664,42597,0,29
2024.02.15,104.662,104.699,104.163,104.245,43439,0,30
2024.02.16,104.252,104.661,104.151,104.26,42023,0,30
2024.02.18,104.245,104.262,104.174,104.187,1639,0,44
2024.02.19,104.188,104.359,104.124,104.281,24182,0,31
2024.02.20,104.289,104.398,103.779,104.022,38847,0,31
2024.02.21,104.03,104.199,103.919,103.96,38413,0,31
2024.02.22,103.962,104.121,103.415,103.899,47169,0,31
2024.02.23,103.903,104.039,103.753,103.946,34631,0,31
2024.02.25,103.846,103.949,103.835,103.947,1851,0,50
2024.02.26,103.953,104.003,103.694,103.745,32207,0,31
2024.02.27,103.751,103.91,103.592,103.82,34143,0,31
2024.02.28,103.824,104.229,103.79,103.917,36761,0,30
2024.02.29,103.918,104.187,103.637,104.119,49517,0,31
2024.03.01,104.111,104.281,103.825,103.865,41218,0,31
2024.03.03,103.834,103.853,103.814,103.837,1631,0,42
2024.03.04,103.84,103.95,103.711,103.815,32066,0,31
2024.03.05,103.823,103.935,103.557,103.764,36086,0,30
2024.03.06,103.769,103.879,103.183,103.329,41841,0,30
2024.03.07,103.323,103.339,102.751,102.752,46893,0,29
2024.03.08,102.75,102.895,102.31,102.724,52177,0,31
2024.03.10,102.669,102.738,102.661,102.673,3351,0,31
2024.03.11,102.672,102.931,102.618,102.773,34726,0,30
2024.03.12,102.775,103.164,102.702,102.912,46536,0,31
2024.03.13,102.912,103.008,102.646,102.745,33187,0,31
2024.03.14,102.738,103.382,102.72,103.372,39251,0,30
2024.03.15,103.373,103.48,103.285,103.431,30256,0,30
2024.03.17,103.385,103.466,103.383,103.456,2171,0,30
2024.03.18,103.453,103.635,103.318,103.57,26756,0,30
2024.03.19,103.568,104.045,103.544,103.852,36615,0,30
2024.03.20,103.85,104.135,103.219,103.222,47494,0,30
2024.03.21,103.221,104.041,103.156,103.981,42392,0,30
2024.03.22,103.979,104.482,103.906,104.417,31274,0,30
2024.03.24,104.389,104.42,104.369,104.416,1865,0,30
2024.03.25,104.415,104.462,104.127,104.216,25067,0,29
2024.03.26,104.214,104.322,103.996,104.281,26787,0,29
2024.03.27,104.279,104.443,104.198,104.412,29662,0,30
2024.03.28,104.411,104.714,104.289,104.511,34785,0,30
2024.03.29,104.511,104.659,104.348,104.406,21659,0,29
2024.03.31,104.461,104.53,104.393,104.476,2958,0,30
2024.04.01,104.464,105.06,104.407,104.99,26148,0,30
2024.04.02,104.987,105.089,104.664,104.759,30916,0,30
2024.04.03,104.76,104.83,104.188,104.209,31984,0,30
2024.04.04,104.21,104.249,103.897,104.215,30048,0,30
2024.04.05,104.212,104.68,104.119,104.271,37247,0,30
2024.04.07,104.253,104.367,104.243,104.355,2217,0,30
2024.04.08,104.351,104.423,104.081,104.103,30370,0,29
2024.04.09,104.1,104.188,103.862,104.087,28125,0,30
2024.04.10,104.084,105.286,104.004,105.185,54125,0,30
2024.04.11,105.184,105.514,105.014,105.26,49003,0,30
2024.04.12,105.258,106.099,105.218,106.0,42373,0,30
2024.04.14,105.848,105.988,105.833,105.921,3585,0,61
2024.04.15,105.93,106.216,105.807,106.172,47921,0,60
2024.04.16,106.173,106.492,106.034,106.312,55006,0,60
2024.04.17,106.306,106.412,105.84,105.934,46361,0,60
2024.04.18,105.928,106.167,105.709,106.14,40216,0,58
2024.04.19,106.145,106.324,105.817,106.085,55259,0,60
2024.04.21,106.045,106.076,105.967,106.075,3670,0,60
2024.04.22,106.073,106.367,105.95,106.096,32809,0,60
2024.04.23,106.097,106.211,105.581,105.648,43483,0,60
2024.04.24,105.648,105.922,105.559,105.777,34325,0,58
2024.04.25,105.775,105.973,105.419,105.571,47028,0,60
2024.04.26,105.571,106.161,105.368,105.992,46785,0,60
2024.04.28,105.955,105.991,105.891,105.936,3447,0,60
2024.04.29,105.936,106.085,105.427,105.671,76683,0,60
2024.04.30,105.67,106.311,105.636,106.298,48508,0,60
2024.05.01,106.296,106.462,105.378,105.682,59890,0,60
2024.05.02,105.681,105.868,105.246,105.273,51342,0,60
2024.05.03,105.271,105.343,104.488,104.995,58745,0,60
2024.05.05,104.973,105.154,104.944,105.144,3030,0,60
2024.05.06,105.145,105.173,104.834,105.116,30200,0,60
2024.05.07,105.116,105.417,105.001,105.395,34410,0,59
2024.05.08,105.396,105.617,105.357,105.487,30132,0,60
2024.05.09,105.488,105.716,105.119,105.19,33629,0,60
2024.05.10,105.19,105.376,105.109,105.234,29301,0,60
2024.05.12,105.214,105.301,105.213,105.301,2563,0,60
2024.05.13,105.301,105.34,105.023,105.172,26755,0,60
2024.05.14,105.172,105.45,104.926,105.027,34706,0,60
2024.05.15,105.027,105.035,104.146,104.176,43651,0,60
2024.05.16,104.176,104.598,104.047,104.469,33957,0,60
2024.05.17,104.469,104.77,104.358,104.402,25333,0,60
2024.05.19,104.42,104.462,104.352,104.446,2396,0,60
2024.05.20,104.445,104.621,104.364,104.573,25978,0,60
2024.05.21,104.572,104.744,104.446,104.619,31210,0,60
2024.05.22,104.619,104.94,104.526,104.88,33294,0,60
2024.05.23,104.88,105.084,104.592,105.033,41869,0,60
2024.05.24,105.033,105.089,104.606,104.678,26898,0,60
2024.05.26,104.661,104.713,104.622,104.71,2797,0,61
2024.05.27,104.71,104.725,104.513,104.533,20180,0,61
2024.05.28,104.531,104.64,104.303,104.639,32044,0,61
2024.05.29,104.639,105.115,104.557,105.102,35029,0,60
2024.05.30,105.103,105.154,104.6,104.744,37075,0,60
2024.05.31,104.744,104.869,104.329,104.547,39021,0,61
2024.06.02,104.553,104.586,104.526,104.548,3241,0,61
2024.06.03,104.549,104.737,103.983,104.016,37425,0,61
2024.06.04,104.016,104.307,103.962,104.121,44011,0,61
2024.06.05,104.121,104.43,104.09,104.223,38735,0,61
2024.06.06,104.223,104.347,104.017,104.076,36999,0,62
2024.06.07,104.078,104.913,103.967,104.866,44136,0,61
2024.06.09,104.962,105.105,104.954,105.032,4607,0,61
2024.06.10,105.033,105.356,104.997,105.111,33379,0,61
2024.06.11,105.111,105.43,105.061,105.239,34550,0,59
2024.06.12,105.24,105.292,104.223,104.666,67802,0,62
2024.06.13,104.666,105.257,104.604,105.217,40748,0,62
2024.06.14,105.216,105.776,105.131,105.438,46860,0,62
2024.06.16,105.445,105.533,105.403,105.518,3773,0,62
2024.06.17,105.52,105.619,105.234,105.244,36672,0,62
2024.06.18,105.245,105.534,105.093,105.244,37788,0,59
2024.06.19,105.245,105.307,105.12,105.186,23750,0,62
2024.06.20,105.186,105.633,105.184,105.605,35038,0,62
2024.06.21,105.605,105.885,105.503,105.76,35102,0,62
2024.06.23,105.763,105.851,105.727,105.849,3557,0,62
2024.06.24,105.848,105.87,105.342,105.483,31495,0,62
2024.06.25,105.483,105.755,105.338,105.64,28905,0,62
2024.06.26,105.64,106.102,105.578,106.019,33433,0,62
2024.06.27,106.02,106.054,105.673,105.865,35236,0,62
2024.06.28,105.865,106.097,105.712,105.778,39865,0,61
2024.06.30,105.571,105.701,105.534,105.694,3293,0,62
2024.07.01,105.694,105.955,105.393,105.817,39737,0,61
2024.07.02,105.817,106.024,105.608,105.648,33714,0,58
2024.07.03,105.648,105.774,105.013,105.275,33717,0,61
2024.07.04,105.275,105.327,105.063,105.131,22490,0,59
2024.07.05,105.131,105.135,104.785,104.847,37490,0,62
2024.07.07,104.968,104.988,104.844,104.924,4278,0,62
2024.07.08,104.924,105.005,104.769,104.949,29725,0,59
2024.07.09,104.949,105.18,104.923,105.095,29668,0,57
2024.07.10,105.095,105.145,104.917,104.943,25064,0,59
2024.07.11,104.942,104.967,104.04,104.325,61352,0,61
2024.07.12,104.324,104.517,103.979,103.98,44078,0,61
2024.07.14,104.137,104.274,104.092,104.266,4863,0,61
2024.07.15,104.265,104.293,103.967,104.216,35278,0,60
2024.07.16,104.215,104.482,104.165,104.184,34362,0,60
2024.07.17,104.183,104.267,103.613,103.645,44766,0,60
2024.07.18,103.646,104.199,103.624,104.117,39680,0,60
2024.07.19,104.116,104.39,104.115,104.282,32911,0,60
2024.07.21,104.253,104.288,104.096,104.189,5294,0,60
2024.07.22,104.19,104.396,104.159,104.275,32419,0,60
2024.07.23,104.274,104.507,104.172,104.46,32231,0,60
2024.07.24,104.46,104.526,104.091,104.353,42259,0,59
2024.07.25,104.352,104.427,104.049,104.306,55038,0,59
2024.07.26,104.306,104.426,104.164,104.252,35801,0,59
2024.07.28,104.22,104.348,104.212,104.347,3263,0,59
2024.07.29,104.348,104.723,104.106,104.546,32732,0,59
2024.07.30,104.545,104.77,104.386,104.425,39434,0,59
2024.07.31,104.425,104.506,103.892,104.025,67629,0,60
2024.08.01,104.026,104.418,103.831,104.34,59682,0,60
2024.08.02,104.339,104.398,103.09,103.121,65836,0,59
2024.08.04,103.037,103.246,103.033,103.125,6928,0,60
2024.08.05,103.125,103.19,102.123,102.845,135713,0,59
2024.08.06,102.845,103.197,102.667,102.955,81234,0,60
2024.08.07,102.956,103.34,102.882,103.077,68697,0,60
2024.08.08,103.078,103.519,102.882,103.256,59391,0,59
2024.08.09,103.255,103.276,102.997,103.076,35692,0,60
2024.08.11,103.061,103.204,103.048,103.2,3151,0,60
2024.08.12,103.2,103.281,103.044,103.051,32549,0,60
2024.08.13,103.052,103.245,102.518,102.584,38387,0,60
2024.08.14,102.585,102.697,102.238,102.578,41506,0,59
2024.08.15,102.579,103.199,102.505,103.014,36550,0,59
2024.08.16,103.014,103.022,102.32,102.324,28878,0,59
2024.08.18,102.317,102.454,102.272,102.428,2870,0,60
2024.08.19,102.428,102.441,101.791,101.839,38767,0,60
2024.08.20,101.839,101.98,101.282,101.355,41641,0,60
2024.08.21,101.355,101.674,100.89,101.096,50183,0,60
2024.08.22,101.096,101.598,101.031,101.438,41519,0,59
2024.08.23,101.438,101.526,100.57,100.606,46088,0,59
2024.08.25,100.595,100.679,100.575,100.635,4869,0,53
2024.08.26,100.634,100.9,100.505,100.827,40909,0,53
2024.08.27,100.826,100.904,100.485,100.58,38428,0,53
2024.08.28,100.581,101.151,100.57,100.995,42287,0,54
2024.08.29,100.995,101.555,100.857,101.337,48190,0,54
2024.08.30,101.335,101.757,101.217,101.672,41847,0,54
2024.09.01,101.585,101.743,101.584,101.737,2588,0,57
2024.09.02,101.737,101.771,101.538,101.64,26387,0,57
2024.09.03,101.64,101.889,101.491,101.677,47789,0,55
2024.09.04,101.678,101.75,101.188,101.237,46595,0,57
2024.09.05,101.237,101.347,100.933,101.023,47509,0,56
2024.09.06,101.022,101.37,100.521,101.13,69361,0,57
2024.09.08,101.145,101.174,101.089,101.171,3812,0,60
2024.09.09,101.17,101.667,101.135,101.621,39607,0,60
2024.09.10,101.621,101.739,101.511,101.616,36754,0,60
2024.09.11,101.618,101.794,101.235,101.76,55248,0,59
2024.09.12,101.759,101.81,101.136,101.139,45700,0,54
2024.09.13,101.14,101.165,100.85,101.074,40900,0,59
2024.09.15,100.997,101.072,100.956,100.996,3227,0,59
2024.09.16,100.995,100.996,100.555,100.68,36784,0,59
2024.09.17,100.681,100.998,100.534,100.887,44283,0,57
2024.09.18,100.887,101.123,100.175,100.989,70550,0,59
2024.09.19,100.989,101.448,100.486,100.65,65093,0,56
2024.09.20,100.649,100.99,100.374,100.674,52490,0,59
2024.09.22,100.644,100.757,100.626,100.757,3539,0,59
2024.09.23,100.758,101.204,100.703,100.904,50328,0,59
2024.09.24,100.904,101.021,100.206,100.207,46558,0,59
2024.09.25,100.208,100.963,100.191,100.918,46322,0,53
2024.09.26,100.917,100.927,100.425,100.57,55289,0,59
2024.09.27,100.57,100.855,100.122,100.338,66133,0,59
2024.09.29,100.363,100.429,100.315,100.405,3405,0,60
2024.09.30,100.405,100.904,100.143,100.725,58290,0,56
2024.10.01,100.724,101.364,100.667,101.229,65891,0,59
2024.10.02,101.228,101.663,101.125,101.628,50123,0,59
2024.10.03,101.626,102.074,101.613,101.885,56261,0,59
2024.10.04,101.885,102.66,101.782,102.406,53280,0,59
2024.10.06,102.432,102.559,102.414,102.502,3884,0,59
2024.10.07,102.501,102.592,102.337,102.455,47787,0,59
2024.10.08,102.455,102.613,102.259,102.466,42947,0,59
2024.10.09,102.468,102.905,102.428,102.849,40024,0,59
2024.10.10,102.849,103.149,102.659,102.861,57759,0,53
2024.10.11,102.861,102.968,102.737,102.851,34707,0,59
2024.10.13,102.861,103.032,102.824,103.02,2836,0,60
2024.10.14,103.02,103.336,102.935,103.162,33978,0,60
2024.10.15,103.162,103.318,102.999,103.231,37454,0,60
2024.10.16,103.231,103.579,103.14,103.509,37217,0,56
2024.10.17,103.509,103.848,103.403,103.747,44116,0,57
2024.10.18,103.746,103.76,103.397,103.397,32251,0,59
2024.10.20,103.412,103.462,103.386,103.439,2624,0,59
2024.10.21,103.438,103.987,103.39,103.933,32528,0,58
2024.10.22,103.933,104.097,103.784,104.071,34542,0,59
2024.10.23,104.071,104.542,104.067,104.415,37582,0,59
2024.10.24,104.414,104.42,103.956,104.022,43735,0,59
2024.10.25,104.02,104.31,103.905,104.256,32252,0,59
2024.10.27,104.298,104.379,104.275,104.357,4116,0,59
2024.10.28,104.358,104.545,104.084,104.231,36378,0,59
2024.10.29,104.231,104.611,104.183,104.22,44918,0,59
2024.10.30,104.221,104.412,103.945,104.066,46672,0,58
2024.10.31,104.066,104.19,103.789,103.86,54769,0,58
2024.11.01,103.86,104.319,103.642,104.252,46230,0,58
2024.11.03,103.828,103.932,103.78,103.91,3281,0,60
2024.11.04,103.911,103.93,103.544,103.889,41953,0,58
2024.11.05,103.888,103.928,103.295,103.323,36542,0,58
2024.11.06,103.322,105.42,103.322,105.066,147292,0,58
2024.11.07,105.067,105.228,104.153,104.377,73934,0,58
2024.11.08,104.387,105.181,104.311,104.92,55469,0,58
2024.11.10,104.897,105.008,104.897,104.976,3239,0,63
2024.11.11,104.99,105.68,104.905,105.387,45685,0,59
2024.11.12,105.388,106.153,105.388,105.947,54166,0,59
2024.11.13,105.961,106.509,105.667,106.422,69467,0,58
2024.11.14,106.433,107.047,106.346,106.848,71726,0,58
2024.11.15,106.859,106.932,106.292,106.599,67569,0,59
2024.11.17,106.649,106.717,106.616,106.687,3010,0,78
2024.11.18,106.686,106.785,106.099,106.187,55291,0,59
2024.11.19,106.187,106.613,106.054,106.06,70371,0,59
2024.11.20,106.062,106.896,106.041,106.571,52838,0,57
2024.11.21,106.571,107.131,106.422,107.023,65260,0,59
2024.11.22,107.039,108.09,106.889,107.402,85713,0,59
2024.11.24,106.826,107.006,106.749,106.888,5637,0,84
2024.11.25,106.899,107.333,106.548,107.33,76193,0,59
2024.11.26,107.344,107.532,106.461,106.798,88685,0,59
2024.11.27,106.798,106.896,105.822,106.071,77548,0,59
2024.11.28,106.084,106.394,106.018,106.04,47909,0,58
2024.11.29,106.039,106.101,105.581,105.706,65775,0,59
2024.12.01,105.747,106.115,105.743,106.027,4279,0,38
2024.12.02,106.028,106.723,106.013,106.353,85419,0,29
2024.12.03,106.354,106.591,106.07,106.311,66495,0,29
2024.12.04,106.318,106.708,106.073,106.322,78393,0,29
2024.12.05,106.327,106.362,105.679,105.703,62258,0,29
2024.12.06,105.703,106.146,105.395,105.943,67567,0,29
2024.12.08,105.953,105.991,105.923,105.932,3202,0,41
2024.12.09,105.94,106.201,105.779,106.155,51440,0,29
2024.12.10,106.161,106.626,106.023,106.34,52461,0,29
2024.12.11,106.339,106.796,106.252,106.531,71556,0,29
2024.12.12,106.535,107.028,106.337,106.939,75306,0,29
2024.12.13,106.94,107.173,106.7,106.914,53656,0,29
2024.12.15,106.974,107.023,106.841,106.852,2744,0,35
2024.12.16,106.86,107.156,106.729,106.783,51284,0,29
2024.12.17,106.783,107.071,106.677,106.92,52088,0,28
2024.12.18,106.925,108.256,106.798,108.235,74280,0,29
2024.12.19,108.237,108.472,107.804,108.415,82416,0,29
2024.12.20,108.415,108.534,107.569,107.765,67561,0,29
2024.12.22,107.75,107.788,107.679,107.768,2650,0,34
2024.12.23,107.769,108.268,107.666,108.081,45819,0,29
2024.12.24,108.088,108.288,108.026,108.105,34414,0,29
2024.12.25,108.008,108.11,107.995,108.074,2348,0,68
2024.12.26,108.089,108.275,107.996,108.045,30799,0,59
2024.12.27,108.045,108.176,107.834,107.927,38346,0,59
2024.12.29,107.887,107.952,107.872,107.944,2087,0,73
2024.12.30,107.943,108.349,107.706,108.017,50388,0,60
2024.12.31,108.028,108.558,107.834,108.437,47704,0,60
2025.01.01,108.382,108.505,108.379,108.494,2506,0,67
2025.01.02,108.495,109.531,108.235,109.184,69314,0,59
2025.01.03,109.185,109.207,108.847,108.849,41447,0,60
2025.01.05,108.854,108.932,108.824,108.917,2489,0,87
2025.01.06,108.932,109.039,107.716,108.271,86544,0,59
2025.01.07,108.27,108.679,107.815,108.664,66038,0,55
2025.01.08,108.666,109.354,108.521,108.986,66899,0,59
2025.01.09,108.996,109.349,108.908,109.163,45600,0,60
2025.01.10,109.164,109.964,109.04,109.552,75886,0,60
2025.01.12,109.587,109.646,109.572,109.627,2649,0,55
2025.01.13,109.642,110.151,109.235,109.376,70122,0,60
2025.01.14,109.378,109.734,109.109,109.166,73160,0,60
2025.01.15,109.167,109.384,108.559,108.996,70131,0,60
2025.01.16,109.008,109.374,108.793,108.932,71568,0,60
2025.01.17,108.942,109.393,108.797,109.333,59300,0,60
2025.01.19,109.224,109.434,109.219,109.285,2929,0,75
2025.01.20,109.301,109.322,107.88,107.953,93634,0,60
2025.01.21,107.953,108.767,107.834,108.108,96144,0,56
2025.01.22,108.109,108.257,107.715,108.227,58922,0,60
2025.01.23,108.229,108.505,107.889,108.104,65682,0,60
2025.01.24,108.104,108.165,107.187,107.379,74979,0,60
2025.01.26,107.434,107.652,107.434,107.631,2874,0,79
2025.01.27,107.642,107.832,106.93,107.75,81090,0,59
2025.01.28,107.766,108.029,107.652,107.889,66250,0,59
2025.01.29,107.89,108.273,107.717,107.858,75779,0,58
2025.01.30,107.87,108.224,107.461,108.057,77045,0,60
2025.01.31,108.058,108.54,107.75,108.417,91954,0,60
2025.02.02,109.343,109.569,109.215,109.461,7258,0,96
2025.02.03,109.461,109.853,108.299,108.546,151288,0,60
2025.02.04,108.546,109.016,107.887,108.007,73602,0,60
2025.02.05,108.007,108.045,107.257,107.613,67300,0,60
2025.02.06,107.623,108.075,107.502,107.626,59076,0,60
2025.02.07,107.636,108.305,107.381,108.064,88377,0,60
2025.02.09,108.291,108.371,108.213,108.27,3496,0,79
2025.02.10,108.272,108.411,108.06,108.333,47199,0,60
2025.02.11,108.332,108.434,107.734,107.895,45012,0,60
2025.02.12,107.895,108.5,107.589,107.87,74765,0,60
2025.02.13,107.88,107.969,106.958,107.06,84077,0,58
2025.02.14,107.069,107.154,106.532,106.73,52448,0,60
2025.02.16,106.71,106.818,106.71,106.751,2892,0,60
2025.02.17,106.762,106.872,106.593,106.685,37038,0,59
2025.02.18,106.693,107.096,106.683,106.971,44721,0,60
2025.02.19,106.971,107.354,106.849,107.15,47734,0,60
2025.02.20,107.15,107.164,106.245,106.313,53664,0,60
2025.02.21,106.313,106.718,106.312,106.543,53948,0,61
2025.02.23,106.467,106.553,106.396,106.498,4153,0,81
2025.02.24,106.513,106.72,106.092,106.717,59696,0,55
2025.02.25,106.726,106.761,106.156,106.199,54477,0,61
2025.02.26,106.197,106.626,106.116,106.41,62806,0,60
2025.02.27,106.411,107.322,106.411,107.319,64269,0,61
2025.02.28,107.317,107.633,107.152,107.469,66123,0,60
2025.03.02,107.293,107.348,107.205,107.272,3702,0,63
2025.03.03,107.273,107.371,106.407,106.51,78126,0,61
2025.03.04,106.518,106.63,105.451,105.535,96927,0,57
2025.03.05,105.535,105.744,104.224,104.257,110005,0,61
2025.03.06,104.265,104.362,103.712,104.153,105071,0,61
2025.03.07,104.167,104.207,103.422,103.854,90342,0,61
2025.03.09,103.774,103.791,103.591,103.651,4683,0,62
2025.03.10,103.651,104.034,103.526,103.838,78083,0,61
2025.03.11,103.837,103.893,103.187,103.429,80678,0,61
2025.03.12,103.428,103.754,103.225,103.567,71328,0,57
2025.03.13,103.567,104.051,103.476,103.801,68065,0,61
2025.03.14,103.8,104.062,103.532,103.638,61140,0,61
2025.03.16,103.693,103.718,103.626,103.696,3612,0,62
2025.03.17,103.697,103.786,103.262,103.432,50512,0,59
2025.03.18,103.432,103.647,103.164,103.271,49749,0,61
2025.03.19,103.272,103.877,103.221,103.348,60292,0,61
2025.03.20,103.347,104.103,103.288,103.766,55137,0,61
2025.03.21,103.767,104.208,103.723,104.053,47654,0,61
2025.03.23,104.09,104.118,103.981,104.003,3241,0,62
2025.03.24,104.002,104.416,103.808,104.276,54014,0,59
2025.03.25,104.277,104.438,103.911,104.197,46709,0,59
2025.03.26,104.196,104.656,104.15,104.617,53496,0,62
2025.03.27,104.615,104.618,104.035,104.208,54979,0,56
2025.03.28,104.209,104.477,103.862,103.908,49928,0,62
2025.03.30,104.018,104.096,103.927,103.985,4318,0,62
2025.03.31,103.984,104.368,103.715,104.148,61624,0,62
2025.04.01,104.146,104.339,103.984,104.178,57697,0,57
2025.04.02,104.178,104.287,103.071,103.132,85193,0,62
2025.04.03,103.134,103.354,101.226,101.983,154840,0,62
2025.04.04,101.984,103.156,101.505,102.799,194708,0,61
2025.04.06,103.032,103.035,102.402,102.575,17863,0,61
2025.04.07,102.574,103.505,102.145,103.398,204440,0,61
2025.04.08,103.396,103.417,102.676,102.745,128953,0,61
2025.04.09,102.744,103.318,101.801,102.923,248886,0,61
2025.04.10,102.922,102.928,100.459,100.49,166875,0,61
2025.04.11,100.491,100.613,98.973,99.686,257827,0,60
2025.04.13,99.959,100.006,99.757,99.88,9459,0,61
2025.04.14,99.881,100.14,99.174,99.8,126953,0,61
2025.04.15,99.802,100.249,99.441,100.053,95794,0,59
2025.04.16,100.054,100.061,99.155,99.288,108840,0,30
2025.04.17,99.287,99.732,99.116,99.25,97482,0,30
2025.04.18,99.251,99.338,98.828,98.829,50033,0,225
2025.04.20,99.054,99.177,98.743,98.805,7884,0,30
2025.04.21,98.803,98.803,97.894,98.332,88729,0,30
2025.04.22,98.331,99.867,97.994,99.549,109579,0,30
2025.04.23,99.551,99.925,98.844,99.766,126444,0,30
2025.04.24,99.764,99.826,99.207,99.41,78876,0,30
2025.04.25,99.411,99.876,99.411,99.54,71683,0,30
2025.04.27,99.586,99.745,99.547,99.716,5325,0,30
2025.04.28,99.715,99.824,98.883,99.021,69450,0,30
2025.04.29,99.02,99.358,98.931,99.16,72944,0,30
2025.04.30,99.16,99.696,99.124,99.65,77300,0,30
2025.05.01,99.65,100.361,99.593,100.134,66513,0,30
2025.05.02,100.134,100.313,99.374,99.978,81391,0,30
2025.05.04,99.976,100.031,99.802,99.862,3536,0,31
2025.05.05,99.862,99.943,99.445,99.801,65778,0,30
2025.05.06,99.801,100.087,99.153,99.49,76683,0,30
2025.05.07,99.491,99.96,99.268,99.881,80714,0,30
2025.05.08,99.881,100.75,99.591,100.635,85826,0,30
2025.05.09,100.636,100.852,100.069,100.378,55514,0,30
2025.05.11,100.691,100.698,100.509,100.582,4460,0,31
2025.05.12,100.58,101.965,100.493,101.717,104767,0,31
2025.05.13,101.716,101.72,100.868,100.971,69295,0,31
2025.05.14,100.97,101.126,100.25,100.996,85530,0,31
2025.05.15,100.997,101.041,100.571,100.756,69816,0,30
2025.05.16,100.756,101.245,100.503,100.936,58078,0,30
2025.05.18,100.873,100.879,100.692,100.737,4110,0,31
2025.05.19,100.736,100.879,100.045,100.424,70844,0,30
2025.05.20,100.425,100.566,99.936,99.949,62467,0,31
2025.05.21,99.948,99.956,99.314,99.582,78839,0,31
2025.05.22,99.58,100.104,99.421,99.891,74900,0,30
2025.05.23,99.89,99.926,99.029,99.057,76467,0,31
2025.05.25,99.058,99.143,99.002,99.059,5438,0,31
2025.05.26,99.059,99.094,98.678,98.939,41534,0,31
2025.05.27,98.937,99.604,98.761,99.512,59065,0,30
2025.05.28,99.511,100.531,99.421,100.369,69794,0,30
2025.05.29,100.369,100.47,99.2,99.232,81621,0,31
2025.05.30,99.233,99.659,99.113,99.393,70636,0,30
2025.06.01,99.378,99.398,99.291,99.344,3135,0,31
2025.06.02,99.345,99.348,98.566,98.573,60057,0,28
2025.06.03,98.574,99.319,98.566,99.147,55606,0,30
2025.06.04,99.148,99.382,98.657,98.785,58652,0,29
2025.06.05,98.785,98.93,98.331,98.667,74278,0,30
2025.06.06,98.669,99.344,98.638,99.17,60249,0,30
2025.06.08,99.172,99.173,99.049,99.097,3459,0,30
2025.06.09,99.097,99.213,98.799,98.955,41307,0,30
2025.06.10,98.956,99.377,98.845,98.949,53582,0,30
2025.06.11,98.948,99.207,98.413,98.437,58590,0,28
2025.06.12,98.436,98.506,97.583,97.659,71429,0,30
2025.06.13,97.66,98.575,97.593,98.086,85065,0,30
2025.06.15,98.258,98.33,98.16,98.257,4719,0,30
2025.06.16,98.257,98.355,97.665,98.166,58096,0,30
2025.06.17,98.165,98.867,97.982,98.819,62977,0,30
2025.06.18,98.821,98.997,98.442,98.88,71433,0,30
2025.06.19,98.881,99.145,98.646,98.656,49984,0,28
2025.06.20,98.657,98.885,98.521,98.724,48038,0,30
2025.06.22,99.089,99.092,98.855,98.903,6500,0,30
2025.06.23,98.903,99.409,98.131,98.221,76803,0,30
2025.06.24,98.22,98.265,97.682,97.938,63260,0,30
2025.06.25,97.938,98.188,97.479,97.489,46949,0,30
2025.06.26,97.487,97.593,96.972,97.355,64028,0,30
2025.06.27,97.353,97.488,96.976,97.215,56424,0,30
2025.06.29,97.153,97.232,97.1,97.182,3134,0,30
2025.06.30,97.181,97.304,96.723,96.743,54051,0,30
2025.07.01,96.743,96.937,96.352,96.627,55465,0,30
2025.07.02,96.625,97.149,96.604,96.737,51654,0,30
2025.07.03,96.738,97.411,96.672,96.999,51908,0,30
2025.07.04,96.999,97.096,96.842,96.93,32513,0,30
2025.07.06,96.936,96.999,96.921,96.951,2011,0,30
2025.07.07,96.952,97.656,96.873,97.341,48977,0,29
2025.07.08,97.339,97.828,97.162,97.53,48692,0,30
2025.07.09,97.529,97.734,97.352,97.364,43753,0,30
2025.07.10,97.364,97.911,97.254,97.567,41904,0,30
2025.07.11,97.567,97.961,97.548,97.833,48451,0,30
2025.07.13,97.941,98.018,97.848,97.876,3967,0,30
2025.07.14,97.877,98.142,97.746,98.101,42184,0,30
2025.07.15,98.1,98.685,97.915,98.569,47546,0,30
2025.07.16,98.568,98.899,97.685,98.324,90930,0,30
2025.07.17,98.325,98.943,98.32,98.491,47677,0,30
2025.07.18,98.489,98.561,98.078,98.419,38952,0,30
2025.07.20,98.299,98.459,98.289,98.388,4576,0,30
2025.07.21,98.388,98.494,97.682,97.831,39820,0,30
2025.07.22,97.83,97.977,97.285,97.45,42595,0,30
2025.07.23,97.45,97.593,97.137,97.182,53129,0,30
2025.07.24,97.183,97.524,97.091,97.436,48770,0,30
2025.07.25,97.437,97.893,97.412,97.655,45673,0,30
2025.07.27,97.561,97.623,97.505,97.598,4129,0,30
2025.07.28,97.597,98.668,97.473,98.595,53345,0,30
2025.07.29,98.595,99.128,98.568,98.875,55368,0,30
2025.07.30,98.876,99.966,98.686,99.772,70584,0,30
2025.07.31,99.773,100.088,99.506,100.016,60398,0,30
2025.08.01,100.015,100.244,98.59,98.661,94554,0,30
